,latitude,longitude,scientific_name,common_name
0,4.8568351,100.750774,Pontederia crassipes,common water hyacinth
1,6.142888578,102.3411297,Pontederia crassipes,common water hyacinth
2,5.35396644,100.2993393,Pontederia crassipes,common water hyacinth
3,5.354424988,100.297565,Pontederia crassipes,common water hyacinth
4,5.3573212,100.2892534,Pontederia crassipes,common water hyacinth
5,5.28329263,100.47583,Pontederia crassipes,common water hyacinth
6,5.290298469,100.5052867,Pontederia crassipes,common water hyacinth
7,5.283528,100.4768579,Pontederia crassipes,common water hyacinth
8,5.353910916,100.3001215,Pontederia crassipes,common water hyacinth
9,5.353334904,100.2995148,Pontederia crassipes,common water hyacinth
10,5.283350052,100.4769227,Pontederia crassipes,common water hyacinth
11,3.046288961,101.7201582,Pontederia crassipes,common water hyacinth
12,3.124311667,101.653845,Pontederia crassipes,common water hyacinth
13,3.046388865,101.7202759,Pontederia crassipes,common water hyacinth
14,3.0367899,101.725697,Pontederia crassipes,common water hyacinth
15,3.119506667,101.6587783,Pontederia crassipes,common water hyacinth
16,3.102736667,101.6264467,Pontederia crassipes,common water hyacinth
17,3.119662911,101.6560925,Pontederia crassipes,common water hyacinth
18,3.12584,101.6590883,Pontederia crassipes,common water hyacinth
19,2.987050008,101.4723529,Pontederia crassipes,common water hyacinth
20,3.01682512,101.6798637,Pontederia crassipes,common water hyacinth
21,5.471961111,118.2149889,Pontederia crassipes,common water hyacinth
22,5.452377778,118.2510917,Pontederia crassipes,common water hyacinth
23,4.227542495,101.8894811,Pontederia crassipes,common water hyacinth
24,5.130916829,100.4929297,Pontederia crassipes,common water hyacinth
25,2.970575,101.8700117,Pontederia crassipes,common water hyacinth
26,3.166461489,101.5809113,Pontederia crassipes,common water hyacinth
27,5.35342775,100.2999098,Pontederia crassipes,common water hyacinth
28,5.353496075,100.3000641,Pontederia crassipes,common water hyacinth
29,3.126066667,101.6590983,Pontederia crassipes,common water hyacinth
30,3.125447222,101.6676361,Pontederia crassipes,common water hyacinth
31,3.12545,101.6676369,Pontederia crassipes,common water hyacinth
32,5.974118222,116.1058655,Pontederia crassipes,common water hyacinth
33,5.49528878,118.2866484,Pontederia crassipes,common water hyacinth
34,5.660697222,118.4000389,Pontederia crassipes,common water hyacinth
35,3.146055556,101.6844417,Pontederia crassipes,common water hyacinth
36,5.390510559,100.3009186,Pontederia crassipes,common water hyacinth
37,5.4960127,118.2824182,Pontederia crassipes,common water hyacinth
38,3.498816312,103.3965048,Pontederia crassipes,common water hyacinth
39,5.356255055,100.3008957,Pontederia crassipes,common water hyacinth
40,5.458676139,100.2921114,Pontederia crassipes,common water hyacinth
41,5.504916186,118.2654036,Pontederia crassipes,common water hyacinth
42,2.13219595,111.5250244,Pontederia crassipes,common water hyacinth
43,6.166299441,102.1471449,Pontederia crassipes,common water hyacinth
44,3.1048925,101.5717028,Pontederia crassipes,common water hyacinth
45,5.85469167,100.3628083,Pontederia crassipes,common water hyacinth
46,5.555644293,115.7573249,Pontederia crassipes,common water hyacinth
47,1.85785578,102.9674945,Pontederia crassipes,common water hyacinth
48,3.720032073,101.0649672,Pontederia crassipes,common water hyacinth
49,5.480106844,118.2227733,Pontederia crassipes,common water hyacinth
50,5.9788398,116.0753199,Pontederia crassipes,common water hyacinth
51,5.380312917,100.2771301,Pontederia crassipes,common water hyacinth
52,3.070118104,101.5161506,Pontederia crassipes,common water hyacinth
53,2.2320191,102.2678468,Pontederia crassipes,common water hyacinth
54,5.473242795,118.2375227,Pontederia crassipes,common water hyacinth
55,2.999882867,101.7601964,Pontederia crassipes,common water hyacinth
56,1.4794198,103.7359187,Pontederia crassipes,common water hyacinth
57,3.085204244,101.5396585,Pontederia crassipes,common water hyacinth
58,5.822981518,102.5703691,Pontederia crassipes,common water hyacinth
59,5.88321174,102.2222218,Pontederia crassipes,common water hyacinth
60,3.026437146,101.7183318,Pontederia crassipes,common water hyacinth
61,5.93936667,100.42862,Pontederia crassipes,common water hyacinth
62,3.536066932,101.1100625,Pontederia crassipes,common water hyacinth
63,5.353844332,100.2997316,Pontederia crassipes,common water hyacinth
64,5.354461708,100.2983201,Pontederia crassipes,common water hyacinth
65,5.35434952,100.2984709,Pontederia crassipes,common water hyacinth
66,5.607781931,118.3529905,Pontederia crassipes,common water hyacinth
67,5.383563113,100.2996076,Pontederia crassipes,common water hyacinth
68,5.354047779,100.3028724,Pontederia crassipes,common water hyacinth
69,5.35440344,100.2993283,Pontederia crassipes,common water hyacinth
70,3.078370408,101.4940396,Pontederia crassipes,common water hyacinth
71,3.0818114,101.4997656,Pontederia crassipes,common water hyacinth
72,3.075802833,101.4905617,Pontederia crassipes,common water hyacinth
73,3.179575972,101.681091,Pontederia crassipes,common water hyacinth
74,1.55394832,103.6368753,Pontederia crassipes,common water hyacinth
75,1.55391957,103.6368685,Pontederia crassipes,common water hyacinth
76,1.554091667,103.636855,Pontederia crassipes,common water hyacinth
77,1.55422056,103.6357599,Pontederia crassipes,common water hyacinth
78,2.9199292,101.6365982,Pontederia crassipes,common water hyacinth
79,3.1255614,101.6669434,Pontederia crassipes,common water hyacinth
80,1.564178333,110.3503333,Pontederia crassipes,common water hyacinth
81,1.55385175,103.6365219,Pontederia crassipes,common water hyacinth
82,5.528086,118.304497,Pontederia crassipes,common water hyacinth
83,1.554690299,103.6371606,Pontederia crassipes,common water hyacinth
84,2.180155,102.290046,Pontederia crassipes,common water hyacinth
85,3.536636126,101.0472466,Pontederia crassipes,common water hyacinth
86,1.5564549,103.6364524,Pontederia crassipes,common water hyacinth
87,3.018759972,101.616835,Pontederia crassipes,common water hyacinth
88,5.2796449,100.4954207,Pontederia crassipes,common water hyacinth
89,3.148776671,101.6111587,Pontederia crassipes,common water hyacinth
90,3.100440264,101.4083176,Pontederia crassipes,common water hyacinth
91,1.552838724,103.6405198,Pontederia crassipes,common water hyacinth
92,4.331294,101.1372865,Pontederia crassipes,common water hyacinth
93,5.4380309,100.388192,Pontederia crassipes,common water hyacinth
94,5.923630578,102.2497377,Pontederia crassipes,common water hyacinth
95,5.389379934,100.5635458,Pontederia crassipes,common water hyacinth
96,3.825866222,103.3472977,Pontederia crassipes,common water hyacinth
97,6.3941551,116.4579326,Pontederia crassipes,common water hyacinth
98,5.505158923,118.2702146,Pontederia crassipes,common water hyacinth
99,5.482294,118.256301,Pontederia crassipes,common water hyacinth
100,3.185936667,101.6296,Pontederia crassipes,common water hyacinth
101,4.603202392,101.081851,Pontederia crassipes,common water hyacinth
102,1.69078608,103.5127601,Pontederia crassipes,common water hyacinth
103,6.440604752,100.1983709,Pontederia crassipes,common water hyacinth
104,5.867150268,117.9495607,Pontederia crassipes,common water hyacinth
105,3.186178333,101.629555,Pontederia crassipes,common water hyacinth
106,3.185945,101.6296,Pontederia crassipes,common water hyacinth
107,5.667683333,118.40072,Pontederia crassipes,common water hyacinth
108,5.504564708,118.267375,Pontederia crassipes,common water hyacinth
109,5.489961667,118.21115,Pontederia crassipes,common water hyacinth
110,5.407916667,117.9474117,Pontederia crassipes,common water hyacinth
111,5.667088341,118.4016717,Pontederia crassipes,common water hyacinth
112,4.39645,101.0524,Pontederia crassipes,common water hyacinth
113,5.478358333,100.2517083,Pontederia crassipes,common water hyacinth
114,5.407819468,117.9473816,Pontederia crassipes,common water hyacinth
115,2.133030556,111.5211083,Pontederia crassipes,common water hyacinth
116,2.278358333,111.8600444,Pontederia crassipes,common water hyacinth
117,2.989168011,101.7125228,Pontederia crassipes,common water hyacinth
118,6.40370027,100.1427549,Pontederia crassipes,common water hyacinth
119,3.104077833,101.6681133,Pontederia crassipes,common water hyacinth
120,3.1113445,101.64498,Pontederia crassipes,common water hyacinth
121,2.962213335,101.6345255,Pontederia crassipes,common water hyacinth
122,5.55888728,100.426842,Pontederia crassipes,common water hyacinth
123,2.267058026,102.2981711,Pontederia crassipes,common water hyacinth
124,5.189366667,118.5005972,Pontederia crassipes,common water hyacinth
125,2.964039972,101.698468,Pontederia crassipes,common water hyacinth
126,5.550685748,118.3609408,Pontederia crassipes,common water hyacinth
127,2.96430325,101.6946806,Pontederia crassipes,common water hyacinth
128,2.96440875,101.6947104,Pontederia crassipes,common water hyacinth
129,5.466159278,118.181559,Pontederia crassipes,common water hyacinth
130,5.35397629,100.3006535,Pontederia crassipes,common water hyacinth
131,5.489055556,118.2255083,Pontederia crassipes,common water hyacinth
132,5.490614749,118.3417383,Pontederia crassipes,common water hyacinth
133,5.496394447,118.2497042,Pontederia crassipes,common water hyacinth
134,5.50082,118.25788,Pontederia crassipes,common water hyacinth
135,5.35442,100.3004617,Pontederia crassipes,common water hyacinth
136,2.964326414,101.6944784,Pontederia crassipes,common water hyacinth
137,2.676980556,101.8836472,Pontederia crassipes,common water hyacinth
138,5.504565577,118.2700076,Pontederia crassipes,common water hyacinth
139,5.528086,118.304497,Pontederia crassipes,common water hyacinth
140,5.478289799,118.2144568,Pontederia crassipes,common water hyacinth
141,5.480403078,118.2588237,Pontederia crassipes,common water hyacinth
142,2.943953333,101.6944133,Pontederia crassipes,common water hyacinth
143,5.486356882,118.2632349,Pontederia crassipes,common water hyacinth
144,5.465483333,118.2533556,Pontederia crassipes,common water hyacinth
145,5.501561409,118.3050933,Pontederia crassipes,common water hyacinth
146,6.2910973,99.7317987,Pontederia crassipes,common water hyacinth
147,5.497451603,118.253322,Pontederia crassipes,common water hyacinth
148,5.486354288,118.2625876,Pontederia crassipes,common water hyacinth
149,6.288397222,99.73238333,Pontederia crassipes,common water hyacinth
150,5.486419444,118.2626639,Pontederia crassipes,common water hyacinth
151,2.854624556,112.6939109,Pontederia crassipes,common water hyacinth
152,6.292590602,99.73207887,Pontederia crassipes,common water hyacinth
153,1.519691667,110.3606033,Pontederia crassipes,common water hyacinth
154,2.245753333,102.3265833,Pontederia crassipes,common water hyacinth
155,5.50222576,118.2593314,Pontederia crassipes,common water hyacinth
156,5.868883058,117.9440529,Pontederia crassipes,common water hyacinth
157,3.08054045,101.7084827,Pontederia crassipes,common water hyacinth
158,3.07940759,101.7077701,Pontederia crassipes,common water hyacinth
159,4.7064108,103.4390753,Pontederia crassipes,common water hyacinth
160,4.706565,103.43798,Pontederia crassipes,common water hyacinth
161,4.706298333,103.437755,Pontederia crassipes,common water hyacinth
162,4.704120693,103.4386614,Pontederia crassipes,common water hyacinth
163,5.666730556,118.4005444,Pontederia crassipes,common water hyacinth
164,5.704870001,118.4149033,Pontederia crassipes,common water hyacinth
165,5.958349043,102.2515922,Pontederia crassipes,common water hyacinth
166,3.244897222,102.2497167,Pontederia crassipes,common water hyacinth
167,5.714770564,100.6571522,Pontederia crassipes,common water hyacinth
168,5.706963983,100.665298,Pontederia crassipes,common water hyacinth
169,1.486434837,104.190431,Pontederia crassipes,common water hyacinth
170,5.513331234,118.2950594,Pontederia crassipes,common water hyacinth
171,5.462831667,118.252845,Pontederia crassipes,common water hyacinth
172,1.555116667,103.6372967,Pontederia crassipes,common water hyacinth
173,3.641366227,101.9878364,Pontederia crassipes,common water hyacinth
174,3.842182769,101.3012885,Pontederia crassipes,common water hyacinth
175,5.666921667,118.4019133,Pontederia crassipes,common water hyacinth
176,6.3833078,116.4355418,Pontederia crassipes,common water hyacinth
177,2.2907314,111.8359789,Mikania micrantha,mile-a-minute
178,5.35665,100.2928617,Mikania micrantha,mile-a-minute
179,3.0375707,101.7933168,Mikania micrantha,mile-a-minute
180,3.030885458,101.7251587,Mikania micrantha,mile-a-minute
181,3.036791427,101.7252254,Mikania micrantha,mile-a-minute
182,2.698333263,101.9544449,Mikania micrantha,mile-a-minute
183,2.6981255,101.9555634,Mikania micrantha,mile-a-minute
184,3.714221402,101.7498713,Mikania micrantha,mile-a-minute
185,3.16083865,101.6831655,Mikania micrantha,mile-a-minute
186,3.037063271,101.5806482,Mikania micrantha,mile-a-minute
187,3.037663929,101.5804404,Mikania micrantha,mile-a-minute
188,3.12164,101.6532517,Mikania micrantha,mile-a-minute
189,3.038076502,101.5810449,Mikania micrantha,mile-a-minute
190,3.129411,101.660164,Mikania micrantha,mile-a-minute
191,3.019985113,101.6171762,Mikania micrantha,mile-a-minute
192,3.141106389,101.6969622,Mikania micrantha,mile-a-minute
193,3.126110547,101.6583924,Mikania micrantha,mile-a-minute
194,3.1356,101.6579033,Mikania micrantha,mile-a-minute
195,3.1356,101.6579033,Mikania micrantha,mile-a-minute
196,3.1356,101.6579033,Mikania micrantha,mile-a-minute
197,3.268708627,101.4579805,Mikania micrantha,mile-a-minute
198,5.438123333,103.03857,Mikania micrantha,mile-a-minute
199,2.706347942,101.9079514,Mikania micrantha,mile-a-minute
200,5.51509428,118.2996521,Mikania micrantha,mile-a-minute
201,2.29544903,113.0394313,Mikania micrantha,mile-a-minute
202,2.956104517,101.7846222,Mikania micrantha,mile-a-minute
203,2.445133034,101.8544851,Mikania micrantha,mile-a-minute
204,1.492659,103.7413591,Mikania micrantha,mile-a-minute
205,2.679836035,101.9028931,Mikania micrantha,mile-a-minute
206,2.691215038,101.8935242,Mikania micrantha,mile-a-minute
207,2.840979719,111.70338,Mikania micrantha,mile-a-minute
208,1.494718987,103.7766111,Mikania micrantha,mile-a-minute
209,1.494286261,103.7765929,Mikania micrantha,mile-a-minute
210,6.217690778,100.6151321,Mikania micrantha,mile-a-minute
211,4.817452538,101.0873492,Mikania micrantha,mile-a-minute
212,4.029103846,103.4015531,Mikania micrantha,mile-a-minute
213,3.347112889,101.790802,Mikania micrantha,mile-a-minute
214,2.676456944,101.906105,Mikania micrantha,mile-a-minute
215,1.843854,102.9480617,Mikania micrantha,mile-a-minute
216,2.2268814,102.2755406,Mikania micrantha,mile-a-minute
217,3.385305972,101.774905,Mikania micrantha,mile-a-minute
218,2.684614861,101.9188003,Mikania micrantha,mile-a-minute
219,1.556617384,103.6340986,Mikania micrantha,mile-a-minute
220,4.144445,103.4016,Mikania micrantha,mile-a-minute
221,2.733850179,101.9121965,Mikania micrantha,mile-a-minute
222,4.138308972,103.405918,Mikania micrantha,mile-a-minute
223,2.719794,101.8946991,Mikania micrantha,mile-a-minute
224,1.485559726,103.3878587,Mikania micrantha,mile-a-minute
225,2.997386,101.834258,Mikania micrantha,mile-a-minute
226,1.8805841,103.1450207,Mikania micrantha,mile-a-minute
227,3.180426667,101.60687,Mikania micrantha,mile-a-minute
228,2.056247846,102.5571112,Mikania micrantha,mile-a-minute
229,2.101388889,102.5794444,Mikania micrantha,mile-a-minute
230,1.84565325,103.0706593,Mikania micrantha,mile-a-minute
231,2.121281286,102.5902554,Mikania micrantha,mile-a-minute
232,2.11331213,102.5852799,Mikania micrantha,mile-a-minute
233,1.462222222,103.7305556,Mikania micrantha,mile-a-minute
234,4.262913361,101.9299481,Mikania micrantha,mile-a-minute
235,5.355513886,100.2959379,Mikania micrantha,mile-a-minute
236,5.354591799,100.3038074,Mikania micrantha,mile-a-minute
237,5.354801655,100.3027191,Mikania micrantha,mile-a-minute
238,5.383059687,100.2994683,Mikania micrantha,mile-a-minute
239,5.354924925,100.297098,Mikania micrantha,mile-a-minute
240,5.354448046,100.297831,Mikania micrantha,mile-a-minute
241,3.17868112,101.6070245,Mikania micrantha,mile-a-minute
242,5.349259004,100.2938869,Mikania micrantha,mile-a-minute
243,5.353104878,100.3050551,Mikania micrantha,mile-a-minute
244,5.35629037,100.3074917,Mikania micrantha,mile-a-minute
245,5.35629037,100.3074917,Mikania micrantha,mile-a-minute
246,2.959506581,101.8012114,Mikania micrantha,mile-a-minute
247,3.195181667,101.60953,Mikania micrantha,mile-a-minute
248,1.553616,103.6361963,Mikania micrantha,mile-a-minute
249,2.921322523,101.6372603,Mikania micrantha,mile-a-minute
250,3.039638,101.7951441,Mikania micrantha,mile-a-minute
251,2.26635766,102.1583405,Mikania micrantha,mile-a-minute
252,1.444585427,103.6221318,Mikania micrantha,mile-a-minute
253,3.2049067,101.6899254,Mikania micrantha,mile-a-minute
254,3.20242322,101.6942175,Mikania micrantha,mile-a-minute
255,3.175808522,101.6941229,Mikania micrantha,mile-a-minute
256,3.20977322,101.63996,Mikania micrantha,mile-a-minute
257,1.555821249,103.6384575,Mikania micrantha,mile-a-minute
258,3.068959539,101.6577013,Mikania micrantha,mile-a-minute
259,3.217573694,101.7504115,Mikania micrantha,mile-a-minute
260,3.182000128,101.5842227,Mikania micrantha,mile-a-minute
261,2.675303333,101.994745,Mikania micrantha,mile-a-minute
262,3.122272222,101.6484639,Mikania micrantha,mile-a-minute
263,3.1169693,101.5235599,Mikania micrantha,mile-a-minute
264,1.5536,103.635795,Mikania micrantha,mile-a-minute
265,1.553605,103.6358717,Mikania micrantha,mile-a-minute
266,1.553663333,103.6358633,Mikania micrantha,mile-a-minute
267,4.965841667,117.8039283,Mikania micrantha,mile-a-minute
268,1.280427889,103.5102175,Mikania micrantha,mile-a-minute
269,3.016887881,101.6902734,Mikania micrantha,mile-a-minute
270,3.029846285,101.4736979,Mikania micrantha,mile-a-minute
271,3.161124,101.735939,Mikania micrantha,mile-a-minute
272,1.492659,103.7413591,Mikania micrantha,mile-a-minute
273,3.12333242,101.6545854,Mikania micrantha,mile-a-minute
274,1.283645,103.5075769,Mikania micrantha,mile-a-minute
275,1.280186667,103.510155,Mikania micrantha,mile-a-minute
276,3.120527,101.649143,Mikania micrantha,mile-a-minute
277,3.1307945,101.7772833,Mikania micrantha,mile-a-minute
278,1.280652778,103.5102,Mikania micrantha,mile-a-minute
279,1.280219444,103.5102083,Mikania micrantha,mile-a-minute
280,3.286388889,101.4691667,Mikania micrantha,mile-a-minute
281,4.176858333,103.4091033,Mikania micrantha,mile-a-minute
282,3.063442837,101.6923467,Mikania micrantha,mile-a-minute
283,3.128887782,101.7750006,Mikania micrantha,mile-a-minute
284,2.495556585,102.8402975,Mikania micrantha,mile-a-minute
285,5.354104519,100.4497604,Mikania micrantha,mile-a-minute
286,1.538815925,110.2054001,Mikania micrantha,mile-a-minute
287,5.365834236,100.5359421,Mikania micrantha,mile-a-minute
288,3.051339146,101.704066,Mikania micrantha,mile-a-minute
289,3.109427214,101.3805618,Mikania micrantha,mile-a-minute
290,1.540871667,110.3502283,Mikania micrantha,mile-a-minute
291,1.461246667,103.643905,Mikania micrantha,mile-a-minute
292,3.05169973,101.751962,Mikania micrantha,mile-a-minute
293,2.736108333,101.8775861,Mikania micrantha,mile-a-minute
294,5.284709495,100.239685,Mikania micrantha,mile-a-minute
295,4.602508345,101.0816394,Mikania micrantha,mile-a-minute
296,4.606600693,101.0837055,Mikania micrantha,mile-a-minute
297,4.602078256,101.0827942,Mikania micrantha,mile-a-minute
298,4.60206625,101.0828022,Mikania micrantha,mile-a-minute
299,2.704244444,101.9123472,Mikania micrantha,mile-a-minute
300,2.578307498,102.7114684,Mikania micrantha,mile-a-minute
301,3.1228195,101.6265417,Mikania micrantha,mile-a-minute
302,3.100121,101.619105,Mikania micrantha,mile-a-minute
303,3.120904606,101.6538414,Mikania micrantha,mile-a-minute
304,1.485368,103.761815,Mikania micrantha,mile-a-minute
305,3.161247207,101.7469971,Mikania micrantha,mile-a-minute
306,1.203714371,111.4673767,Mikania micrantha,mile-a-minute
307,3.161258333,101.7471889,Mikania micrantha,mile-a-minute
308,3.226211111,101.7786,Mikania micrantha,mile-a-minute
309,3.019744298,101.6164158,Mikania micrantha,mile-a-minute
310,3.151461361,101.7409472,Mikania micrantha,mile-a-minute
311,2.20383963,103.551923,Mikania micrantha,mile-a-minute
312,3.550933458,101.2010081,Mikania micrantha,mile-a-minute
313,2.098122222,111.5130806,Mikania micrantha,mile-a-minute
314,3.097074107,101.5906114,Mikania micrantha,mile-a-minute
315,6.088247295,116.4370784,Mikania micrantha,mile-a-minute
316,2.718069444,101.9096611,Mikania micrantha,mile-a-minute
317,2.28373,113.03136,Mikania micrantha,mile-a-minute
318,5.817983333,116.3425317,Mikania micrantha,mile-a-minute
319,5.871213333,117.9423267,Mikania micrantha,mile-a-minute
320,5.877156667,117.94323,Mikania micrantha,mile-a-minute
321,5.877156667,117.94323,Mikania micrantha,mile-a-minute
322,5.946763333,116.046915,Mikania micrantha,mile-a-minute
323,3.175661111,101.7748917,Mikania micrantha,mile-a-minute
324,5.346136667,100.4651333,Mikania micrantha,mile-a-minute
325,3.017925,101.6143917,Mikania micrantha,mile-a-minute
326,3.173352778,101.5020778,Mikania micrantha,mile-a-minute
327,3.173347222,101.5021444,Mikania micrantha,mile-a-minute
328,1.572022459,110.2997169,Mikania micrantha,mile-a-minute
329,1.559683333,103.6254417,Mikania micrantha,mile-a-minute
330,1.557656449,103.6339672,Mikania micrantha,mile-a-minute
331,1.556540793,103.6341863,Mikania micrantha,mile-a-minute
332,1.55671,103.6342783,Mikania micrantha,mile-a-minute
333,1.559085871,103.6338391,Mikania micrantha,mile-a-minute
334,1.556591972,103.6341171,Mikania micrantha,mile-a-minute
335,1.555708333,103.6385283,Mikania micrantha,mile-a-minute
336,1.561866386,103.6554996,Mikania micrantha,mile-a-minute
337,1.561866386,103.6554996,Mikania micrantha,mile-a-minute
338,3.036957604,101.6971865,Mikania micrantha,mile-a-minute
339,3.037143445,101.6970567,Mikania micrantha,mile-a-minute
340,4.4845856,114.0295587,Mikania micrantha,mile-a-minute
341,2.970078564,101.6951066,Mikania micrantha,mile-a-minute
342,2.28034,112.9773733,Mikania micrantha,mile-a-minute
343,3.294731667,101.73078,Mikania micrantha,mile-a-minute
344,3.294763333,101.73082,Mikania micrantha,mile-a-minute
345,2.91752231,101.7062393,Mikania micrantha,mile-a-minute
346,2.934833333,101.6868,Mikania micrantha,mile-a-minute
347,2.96214351,101.6956538,Mikania micrantha,mile-a-minute
348,2.92804399,101.7005231,Mikania micrantha,mile-a-minute
349,3.292941667,101.73008,Mikania micrantha,mile-a-minute
350,2.9489627,101.6776199,Mikania micrantha,mile-a-minute
351,2.882905556,101.7931139,Mikania micrantha,mile-a-minute
352,2.89663633,101.6642116,Mikania micrantha,mile-a-minute
353,2.923183333,101.7030117,Mikania micrantha,mile-a-minute
354,2.9423018,101.6729523,Mikania micrantha,mile-a-minute
355,5.354271667,100.2981167,Mikania micrantha,mile-a-minute
356,5.354704,100.2984896,Mikania micrantha,mile-a-minute
357,3.388805,101.8307483,Mikania micrantha,mile-a-minute
358,5.357411667,100.3069,Mikania micrantha,mile-a-minute
359,5.357391667,100.30687,Mikania micrantha,mile-a-minute
360,2.94120198,101.6702182,Mikania micrantha,mile-a-minute
361,2.963123333,101.6761367,Mikania micrantha,mile-a-minute
362,2.96198234,101.6951239,Mikania micrantha,mile-a-minute
363,2.93815905,101.7231393,Mikania micrantha,mile-a-minute
364,3.750385284,102.5658417,Mikania micrantha,mile-a-minute
365,1.455395,103.9012367,Mikania micrantha,mile-a-minute
366,1.454661441,103.9011315,Mikania micrantha,mile-a-minute
367,1.4545196,103.9010125,Mikania micrantha,mile-a-minute
368,1.453255146,103.9006184,Mikania micrantha,mile-a-minute
369,2.95902811,101.6662741,Mikania micrantha,mile-a-minute
370,2.9417267,101.6941982,Mikania micrantha,mile-a-minute
371,6.05066704,116.4556504,Mikania micrantha,mile-a-minute
372,3.145635876,101.6883992,Mikania micrantha,mile-a-minute
373,3.025677778,101.6963306,Mikania micrantha,mile-a-minute
374,3.180145,101.706493,Mikania micrantha,mile-a-minute
375,1.690376667,109.8460067,Mikania micrantha,mile-a-minute
376,4.026723,114.805502,Mikania micrantha,mile-a-minute
377,2.688977778,101.9178389,Mikania micrantha,mile-a-minute
378,2.720058333,101.890825,Mikania micrantha,mile-a-minute
379,6.020434972,116.508166,Mikania micrantha,mile-a-minute
380,5.873453,118.0992829,Mikania micrantha,mile-a-minute
381,5.428422525,101.1297029,Mikania micrantha,mile-a-minute
382,3.69798616,101.753968,Mikania micrantha,mile-a-minute
383,1.36013937,103.614724,Mikania micrantha,mile-a-minute
384,2.704186111,101.9126083,Mikania micrantha,mile-a-minute
385,1.555173013,103.6373206,Mikania micrantha,mile-a-minute
386,2.688186111,101.9129972,Mikania micrantha,mile-a-minute
387,3.14645,101.6164083,Mikania micrantha,mile-a-minute
388,5.093149934,102.9896151,Mikania micrantha,mile-a-minute
389,2.384368289,103.7144083,Mikania micrantha,mile-a-minute
390,5.571498345,103.1300461,Mikania micrantha,mile-a-minute
391,3.950816667,103.1945333,Mikania micrantha,mile-a-minute
392,5.3889188,103.041635,Mikania micrantha,mile-a-minute
393,5.391326785,103.0397106,Mikania micrantha,mile-a-minute
394,5.972046486,116.0816035,Mikania micrantha,mile-a-minute
395,3.2448933,102.2497112,Mikania micrantha,mile-a-minute
396,3.944585632,101.3519692,Mikania micrantha,mile-a-minute
397,3.8417,101.2963283,Mikania micrantha,mile-a-minute
398,3.841048074,101.2970891,Mikania micrantha,mile-a-minute
399,2.681225,102.517075,Mikania micrantha,mile-a-minute
400,4.082683866,101.7958094,Mikania micrantha,mile-a-minute
401,2.662526667,102.4856117,Mikania micrantha,mile-a-minute
402,4.938535542,103.0544416,Mikania micrantha,mile-a-minute
403,3.779703333,101.4557783,Mikania micrantha,mile-a-minute
404,4.978105556,102.2022833,Mikania micrantha,mile-a-minute
405,4.910686878,102.1771718,Mikania micrantha,mile-a-minute
406,3.841143406,101.297051,Mikania micrantha,mile-a-minute
407,3.366016667,102.9306778,Mikania micrantha,mile-a-minute
408,1.454414721,103.9011054,Mikania micrantha,mile-a-minute
409,3.4171957,101.8433705,Mikania micrantha,mile-a-minute
410,2.400129,102.42776,Mikania micrantha,mile-a-minute
411,3.2106488,101.7589952,Mikania micrantha,mile-a-minute
412,3.4191349,101.8421648,Mikania micrantha,mile-a-minute
413,5.432034537,116.4413554,Mikania micrantha,mile-a-minute
414,3.145761944,101.6886368,Mikania micrantha,mile-a-minute
415,3.145761944,101.6886368,Mikania micrantha,mile-a-minute
416,3.145750028,101.6887512,Mikania micrantha,mile-a-minute
417,3.145761944,101.6886368,Mikania micrantha,mile-a-minute
418,5.401508331,100.3286133,Mimosa pigra,Giant Sensitive Plant
419,2.719722271,101.9005585,Mimosa pigra,Giant Sensitive Plant
420,2.724166632,101.8963852,Mimosa pigra,Giant Sensitive Plant
421,2.713888884,101.8874969,Mimosa pigra,Giant Sensitive Plant
422,2.723689252,101.9009739,Mimosa pigra,Giant Sensitive Plant
423,2.714548577,101.8992402,Mimosa pigra,Giant Sensitive Plant
424,2.716388941,101.8972244,Mimosa pigra,Giant Sensitive Plant
425,2.716388941,101.8972244,Mimosa pigra,Giant Sensitive Plant
426,2.706814051,101.8898544,Mimosa pigra,Giant Sensitive Plant
427,2.733550072,101.8897095,Mimosa pigra,Giant Sensitive Plant
428,2.702894926,101.9100266,Mimosa pigra,Giant Sensitive Plant
429,2.690953016,101.8938065,Mimosa pigra,Giant Sensitive Plant
430,2.705905914,101.9043808,Mimosa pigra,Giant Sensitive Plant
431,2.948371119,101.8744219,Mimosa pigra,Giant Sensitive Plant
432,2.678657055,101.8989716,Mimosa pigra,Giant Sensitive Plant
433,2.6542944,101.7849476,Mimosa pigra,Giant Sensitive Plant
434,2.6542944,101.7849476,Mimosa pigra,Giant Sensitive Plant
435,3.013704056,101.6950302,Mimosa pigra,Giant Sensitive Plant
436,2.678342111,101.9000473,Mimosa pigra,Giant Sensitive Plant
437,2.679546083,101.9014664,Mimosa pigra,Giant Sensitive Plant
438,3.355819944,101.7849655,Mimosa pigra,Giant Sensitive Plant
439,2.2560736,102.2179574,Mimosa pigra,Giant Sensitive Plant
440,2.709668016,101.8835589,Mimosa pigra,Giant Sensitive Plant
441,3.180143179,101.6077973,Mimosa pigra,Giant Sensitive Plant
442,3.180180135,101.6078261,Mimosa pigra,Giant Sensitive Plant
443,3.06118278,101.8107466,Mimosa pigra,Giant Sensitive Plant
444,5.361296944,100.3068172,Mimosa pigra,Giant Sensitive Plant
445,5.359342575,100.3043213,Mimosa pigra,Giant Sensitive Plant
446,2.499161879,102.8616539,Mimosa pigra,Giant Sensitive Plant
447,3.06100649,101.8105607,Mimosa pigra,lollipop mimosa
448,1.280850863,103.5101568,Mimosa pigra,Giant Sensitive Plant
449,1.27862256,103.5102666,Mimosa pigra,Giant Sensitive Plant
450,1.327660917,103.4332991,Mimosa pigra,Giant Sensitive Plant
451,1.283645,103.5075769,Mimosa pigra,Giant Sensitive Plant
452,1.283645,103.5075769,Mimosa pigra,Giant Sensitive Plant
453,1.280846667,103.5101383,Mimosa pigra,Giant Sensitive Plant
454,1.278869444,103.5101778,Mimosa pigra,Giant Sensitive Plant
455,5.302362442,100.4914932,Mimosa pigra,Giant Sensitive Plant
456,3.180194682,101.6069717,Mimosa pigra,Giant Sensitive Plant
457,2.705380556,101.90595,Mimosa pigra,Giant Sensitive Plant
458,3.095760584,101.4173203,Mimosa pigra,Giant Sensitive Plant
459,2.731741667,101.9001722,Mimosa pigra,Giant Sensitive Plant
460,3.108104467,101.3814163,Mimosa pigra,Giant Sensitive Plant
461,2.722622222,101.8879139,Mimosa pigra,Giant Sensitive Plant
462,3.373254972,101.411574,Mimosa pigra,Giant Sensitive Plant
463,1.468330161,103.6403847,Mimosa pigra,Giant Sensitive Plant
464,2.731791667,101.9001694,Mimosa pigra,Giant Sensitive Plant
465,2.688286111,101.9200444,Mimosa pigra,Giant Sensitive Plant
466,1.8397748,102.9552472,Mimosa pigra,Giant Sensitive Plant
467,2.725302778,101.8918444,Mimosa pigra,Giant Sensitive Plant
468,2.711911111,101.8909583,Mimosa pigra,Giant Sensitive Plant
469,2.724747222,101.8864972,Mimosa pigra,Giant Sensitive Plant
470,2.578352405,102.7114985,Mimosa pigra,Giant Sensitive Plant
471,2.728936111,101.8939833,Mimosa pigra,Giant Sensitive Plant
472,2.727380556,101.8971917,Mimosa pigra,Giant Sensitive Plant
473,1.80605609,103.9501308,Mimosa pigra,Giant Sensitive Plant
474,2.726427778,101.9011111,Mimosa pigra,Giant Sensitive Plant
475,2.726883333,101.8861417,Mimosa pigra,Giant Sensitive Plant
476,2.726883333,101.8861417,Mimosa pigra,Giant Sensitive Plant
477,2.726883333,101.8861417,Mimosa pigra,Giant Sensitive Plant
478,3.026622222,101.6941972,Mimosa pigra,Giant Sensitive Plant
479,2.720508333,101.8838278,Mimosa pigra,Giant Sensitive Plant
480,2.725525,101.9007444,Mimosa pigra,Giant Sensitive Plant
481,2.92062269,101.704765,Mimosa pigra,Giant Sensitive Plant
482,2.92839243,101.6799518,Mimosa pigra,Giant Sensitive Plant
483,2.923133333,101.7029983,Mimosa pigra,Giant Sensitive Plant
484,5.35476207,100.2984447,Mimosa pigra,Giant Sensitive Plant
485,3.021477778,101.6903611,Mimosa pigra,Giant Sensitive Plant
486,3.020402778,101.6905611,Mimosa pigra,Giant Sensitive Plant
487,3.148144444,101.5091083,Mimosa pigra,Giant Sensitive Plant
488,3.025394444,101.6941972,Mimosa pigra,Giant Sensitive Plant
489,2.731175,101.8832889,Mimosa pigra,Giant Sensitive Plant
490,2.731175,101.8832889,Mimosa pigra,Giant Sensitive Plant
491,2.731175,101.8832889,Mimosa pigra,Giant Sensitive Plant
492,3.020388889,101.6905361,Mimosa pigra,Giant Sensitive Plant
493,1.454344064,103.9010997,Mimosa pigra,Giant Sensitive Plant
494,2.9248591,101.7015945,Mimosa pigra,Giant Sensitive Plant
495,2.924225,101.701675,Mimosa pigra,Giant Sensitive Plant
496,2.744702778,101.8711722,Mimosa pigra,Giant Sensitive Plant
497,2.888639944,101.6785431,Mimosa pigra,Giant Sensitive Plant
498,5.304136667,100.7368467,Mimosa pigra,Giant Sensitive Plant
499,5.46833,100.2551417,Mimosa pigra,Giant Sensitive Plant
500,2.735638889,101.8764111,Mimosa pigra,Giant Sensitive Plant
501,4.2436958,101.7985469,Mimosa pigra,Giant Sensitive Plant
502,1.770711945,103.6074549,Mimosa pigra,Giant Sensitive Plant
503,5.414257055,103.0371073,Mimosa pigra,Giant Sensitive Plant
504,5.720363333,100.6539167,Mimosa pigra,Giant Sensitive Plant
505,5.391409535,103.0397431,Mimosa pigra,Giant Sensitive Plant
506,5.3919695,103.0396605,Mimosa pigra,Giant Sensitive Plant
507,5.709124098,100.6665149,Mimosa pigra,Giant Sensitive Plant
508,5.715943447,100.6615485,Mimosa pigra,Giant Sensitive Plant
509,1.480005726,104.1781854,Mimosa pigra,lollipop mimosa
510,1.47652035,104.1859939,Mimosa pigra,Giant Sensitive Plant
511,4.062521524,101.7997454,Mimosa pigra,Giant Sensitive Plant
512,3.246261111,102.2411944,Mimosa pigra,Giant Sensitive Plant
513,3.178597222,101.5112389,Mimosa pigra,Giant Sensitive Plant
514,1.849185049,103.63607,Mimosa pigra,Giant Sensitive Plant
515,3.537396861,101.9542465,Mimosa pigra,Giant Sensitive Plant
516,3.170117194,101.826278,Mimosa pigra,Giant Sensitive Plant
517,5.467953333,100.25528,Mimosa pigra,Giant Sensitive Plant
518,4.636969,101.162439,Cenchrus setosus,feathery pennisetum
519,5.3542117,100.292441,Cenchrus setosus,feathery pennisetum
520,3.030885458,101.7251587,Cenchrus setosus,feathery pennisetum
521,2.717222214,101.8874969,Cenchrus setosus,feathery pennisetum
522,2.940719547,101.9033221,Cenchrus setosus,feathery pennisetum
523,2.714444399,101.8861084,Cenchrus setosus,feathery pennisetum
524,3.040897472,101.7295401,Cenchrus setosus,feathery pennisetum
525,3.12435,101.65384,Cenchrus setosus,feathery pennisetum
526,3.019459386,101.6168519,Cenchrus setosus,feathery pennisetum
527,2.71368289,101.8932648,Cenchrus setosus,feathery pennisetum
528,2.723982096,101.9021835,Cenchrus setosus,feathery pennisetum
529,2.93456093,101.7255447,Cenchrus setosus,feathery pennisetum
530,1.533844102,103.9837689,Cenchrus setosus,feathery pennisetum
531,2.947730525,101.901003,Cenchrus setosus,feathery pennisetum
532,1.494072983,103.7762422,Cenchrus setosus,feathery pennisetum
533,2.730187861,101.8907776,Cenchrus setosus,feathery pennisetum
534,2.730493028,101.8907776,Cenchrus setosus,feathery pennisetum
535,2.9495916,101.9024463,Cenchrus setosus,feathery pennisetum
536,2.9495916,101.9024463,Cenchrus setosus,feathery pennisetum
537,2.72122,101.9043198,Cenchrus setosus,feathery pennisetum
538,4.14406,103.4016267,Cenchrus setosus,feathery pennisetum
539,2.719821917,101.8918457,Cenchrus setosus,feathery pennisetum
540,2.2529719,102.2185857,Cenchrus setosus,feathery pennisetum
541,2.723196972,101.8893509,Cenchrus setosus,feathery pennisetum
542,2.997466,101.834273,Cenchrus setosus,feathery pennisetum
543,2.721524917,101.9043198,Cenchrus setosus,feathery pennisetum
544,3.357633333,101.30317,Cenchrus setosus,feathery pennisetum
545,2.706727028,101.8892898,Cenchrus setosus,feathery pennisetum
546,2.71735,101.8867722,Cenchrus setosus,feathery pennisetum
547,5.458769798,100.3108215,Cenchrus setosus,feathery pennisetum
548,5.635375297,100.4880108,Cenchrus setosus,feathery pennisetum
549,1.46364194,103.6450963,Cenchrus setosus,feathery pennisetum
550,1.571125703,103.5805707,Cenchrus setosus,feathery pennisetum
551,2.96685858,101.6544981,Cenchrus setosus,feathery pennisetum
552,2.966872401,101.6544912,Cenchrus setosus,feathery pennisetum
553,2.726563889,101.8945611,Cenchrus setosus,feathery pennisetum
554,2.47880885,101.8467538,Cenchrus setosus,feathery pennisetum
555,2.718591667,101.8929139,Cenchrus setosus,feathery pennisetum
556,5.953025,116.6143583,Cenchrus setosus,feathery pennisetum
557,3.437761112,101.2666432,Cenchrus setosus,feathery pennisetum
558,3.568504815,101.7081525,Cenchrus setosus,feathery pennisetum
559,2.697933333,101.9189389,Cenchrus setosus,feathery pennisetum
560,3.019038889,101.6143306,Cenchrus setosus,feathery pennisetum
561,2.467992018,102.2437698,Cenchrus setosus,feathery pennisetum
562,2.880158333,101.7921972,Cenchrus setosus,feathery pennisetum
563,2.724738889,101.8872111,Cenchrus setosus,feathery pennisetum
564,2.180978,102.245886,Cenchrus setosus,feathery pennisetum
565,2.91954869,101.7061328,Cenchrus setosus,feathery pennisetum
566,2.9195346,101.7059466,Cenchrus setosus,feathery pennisetum
567,4.357941978,100.9834598,Cenchrus setosus,feathery pennisetum
568,2.904504949,101.668682,Cenchrus setosus,feathery pennisetum
569,2.96379396,101.676866,Cenchrus setosus,feathery pennisetum
570,5.9374002,116.777019,Cenchrus setosus,feathery pennisetum
571,2.9437851,101.724788,Cenchrus setosus,feathery pennisetum
572,3.149508333,101.6081361,Cenchrus setosus,feathery pennisetum
573,2.94262811,101.7242471,Cenchrus setosus,feathery pennisetum
574,2.726894444,101.8850722,Cenchrus setosus,feathery pennisetum
575,2.89099749,101.666174,Cenchrus setosus,feathery pennisetum
576,2.9125398,101.6784733,Cenchrus setosus,feathery pennisetum
577,2.960528813,101.6711455,Cenchrus setosus,feathery pennisetum
578,2.203446583,102.2612706,Cenchrus setosus,feathery pennisetum
579,2.721011111,101.8946944,Cenchrus setosus,feathery pennisetum
580,2.724913889,101.9004,Cenchrus setosus,feathery pennisetum
581,1.452126436,103.6967475,Cenchrus setosus,feathery pennisetum
582,1.451990793,103.6966133,Cenchrus setosus,feathery pennisetum
583,2.727933333,101.8836778,Cenchrus setosus,feathery pennisetum
584,2.913211,101.6740008,Cenchrus setosus,feathery pennisetum
585,2.7275,101.8854278,Cenchrus setosus,feathery pennisetum
586,2.712938889,101.8922028,Cenchrus setosus,feathery pennisetum
587,6.027235374,116.5478231,Cenchrus setosus,feathery pennisetum
588,2.727891667,101.8836806,Cenchrus setosus,feathery pennisetum
589,5.423321667,100.2655117,Cenchrus setosus,feathery pennisetum
590,1.45642847,103.6891231,Cenchrus setosus,feathery pennisetum
591,3.172330556,101.4997,Cenchrus setosus,feathery pennisetum
592,3.187945269,101.5241969,Cenchrus setosus,feathery pennisetum
593,1.45345,103.6968217,Cenchrus setosus,feathery pennisetum
594,2.722124853,101.7893229,Cenchrus setosus,feathery pennisetum
595,2.726277778,101.8857833,Cenchrus setosus,feathery pennisetum
596,2.690286456,101.9077088,Cenchrus setosus,feathery pennisetum
597,5.093149934,102.9896151,Cenchrus setosus,feathery pennisetum
598,2.241946186,102.8498549,Cenchrus setosus,feathery pennisetum
599,4.238856867,101.798038,Cenchrus setosus,feathery pennisetum
600,2.505363333,103.0186612,Cenchrus setosus,feathery pennisetum
601,1.452347871,103.6966792,Cenchrus setosus,feathery pennisetum
602,5.405766667,103.0354861,Cenchrus setosus,feathery pennisetum
603,1.775881772,103.6075947,Cenchrus setosus,feathery pennisetum
604,5.406001152,103.0356651,Cenchrus setosus,feathery pennisetum
605,5.40568585,103.0359418,Cenchrus setosus,feathery pennisetum
606,3.67983068,103.0303652,Cenchrus setosus,feathery pennisetum
607,3.841103264,101.2867131,Cenchrus setosus,feathery pennisetum
608,3.824558266,101.3151066,Cenchrus setosus,feathery pennisetum
609,2.651038889,102.4870889,Cenchrus setosus,feathery pennisetum
610,5.599391165,103.1790682,Cenchrus setosus,feathery pennisetum
611,1.480072758,104.1845013,Cenchrus setosus,feathery pennisetum
612,3.596432456,102.5363841,Cenchrus setosus,feathery pennisetum
613,3.255202778,102.1827944,Cenchrus setosus,feathery pennisetum
614,3.160991667,101.5147972,Cenchrus setosus,feathery pennisetum
615,5.714848753,100.657224,Cenchrus setosus,feathery pennisetum
616,3.82336734,101.2754062,Cenchrus setosus,feathery pennisetum
617,1.762243543,104.0813177,Cenchrus setosus,feathery pennisetum
618,2.78717,102.3268367,Cenchrus setosus,feathery pennisetum
619,5.586541667,101.4769817,Cenchrus setosus,feathery pennisetum
620,1.849185049,103.63607,Cenchrus setosus,feathery pennisetum
621,4.96388507,103.046322,Cenchrus setosus,feathery pennisetum
622,3.842581854,101.2932429,Cenchrus setosus,feathery pennisetum
623,3.19944098,101.7412819,Cenchrus setosus,feathery pennisetum
624,3.184550848,101.7432949,Cenchrus setosus,feathery pennisetum
625,3.03691512,101.5824603,Salvinia molesta,Giant Salvinia
626,5.874495362,117.9442298,Salvinia molesta,Giant Salvinia
627,4.946649821,103.3248336,Salvinia molesta,Giant Salvinia
628,2.940071484,101.639016,Salvinia molesta,Giant Salvinia
629,2.916889214,101.6198762,Salvinia molesta,Giant Salvinia
630,3.016617056,101.6835251,Salvinia molesta,Giant Salvinia
631,4.137574054,103.4081331,Salvinia molesta,Giant Salvinia
632,2.910731107,101.6217684,Salvinia molesta,Giant Salvinia
633,5.486487306,118.2621751,Salvinia molesta,Giant Salvinia
634,1.558256903,103.6271545,Salvinia molesta,Giant Salvinia
635,3.095817089,101.5165176,Salvinia molesta,Giant Salvinia
636,3.498830083,101.1980184,Salvinia molesta,Giant Salvinia
637,5.482294,118.256301,Salvinia molesta,Giant Salvinia
638,3.762012622,101.2861126,Salvinia molesta,Giant Salvinia
639,3.208663917,101.7585296,Salvinia molesta,Giant Salvinia
640,5.353354,117.4086488,Salvinia molesta,Giant Salvinia
641,3.1228695,101.6553333,Salvinia molesta,Giant Salvinia
642,5.480454224,118.258485,Salvinia molesta,Giant Salvinia
643,2.939169444,101.7213722,Salvinia molesta,Giant Salvinia
644,5.4863366,118.2626242,Salvinia molesta,Giant Salvinia
645,2.868493009,112.7812978,Salvinia molesta,Giant Salvinia
646,6.4609576,100.3463024,Salvinia molesta,Giant Salvinia
647,3.844125339,101.3003498,Salvinia molesta,Giant Salvinia
648,5.35692758,100.2927679,Leucaena leucocephala,White leadtree
649,5.35925523,100.2954121,Leucaena leucocephala,White leadtree
650,5.355555534,100.2922211,Leucaena leucocephala,White leadtree
651,5.355333726,100.2924329,Leucaena leucocephala,White leadtree
652,5.353775054,100.2920574,Leucaena leucocephala,White leadtree
653,2.98843416,101.3792913,Leucaena leucocephala,White leadtree
654,3.03281871,101.4402751,Leucaena leucocephala,White leadtree
655,3.12026,101.6222681,Leucaena leucocephala,White leadtree
656,3.033525,101.585625,Leucaena leucocephala,White leadtree
657,3.1189013,101.65957,Leucaena leucocephala,White leadtree
658,3.116070844,101.6498942,Leucaena leucocephala,White leadtree
659,3.116070844,101.6498942,Leucaena leucocephala,White leadtree
660,3.1359953,101.6576824,Leucaena leucocephala,White leadtree
661,3.1359953,101.6576824,Leucaena leucocephala,White leadtree
662,3.1359953,101.6576824,Leucaena leucocephala,White leadtree
663,3.112676559,101.5801585,Leucaena leucocephala,White leadtree
664,3.07020255,101.6415602,Leucaena leucocephala,White leadtree
665,3.07020255,101.6415602,Leucaena leucocephala,White leadtree
666,3.11678358,101.6484126,Leucaena leucocephala,White leadtree
667,3.781691704,100.8840665,Leucaena leucocephala,White leadtree
668,2.698055506,101.9544449,Leucaena leucocephala,White leadtree
669,2.695549652,101.9570675,Leucaena leucocephala,White leadtree
670,2.697222233,101.9488907,Leucaena leucocephala,White leadtree
671,2.691944361,101.9072189,Leucaena leucocephala,White leadtree
672,3.027777672,101.7108307,Leucaena leucocephala,White leadtree
673,2.685604733,101.9275202,Leucaena leucocephala,White leadtree
674,2.692222118,101.9119415,Leucaena leucocephala,White leadtree
675,5.98987587,116.0884528,Leucaena leucocephala,White leadtree
676,5.794241667,117.7780528,Leucaena leucocephala,White leadtree
677,5.757686111,117.7615806,Leucaena leucocephala,White leadtree
678,5.802766667,117.7839889,Leucaena leucocephala,White leadtree
679,5.329976018,100.2766287,Leucaena leucocephala,White leadtree
680,2.701811981,101.9272991,Leucaena leucocephala,White leadtree
681,5.4029847,100.2775334,Leucaena leucocephala,White leadtree
682,5.405105327,100.293932,Leucaena leucocephala,White leadtree
683,5.410715302,100.3202163,Leucaena leucocephala,White leadtree
684,5.408540039,100.2770575,Leucaena leucocephala,White leadtree
685,2.710302346,101.8873171,Leucaena leucocephala,White leadtree
686,2.710320661,101.8872667,Leucaena leucocephala,White leadtree
687,2.705277778,101.9122222,Leucaena leucocephala,White leadtree
688,3.131575,101.66063,Leucaena leucocephala,White leadtree
689,3.006824873,101.7070088,Leucaena leucocephala,White leadtree
690,3.121328354,101.6611786,Leucaena leucocephala,White leadtree
691,3.12265,101.6609767,Leucaena leucocephala,White leadtree
692,3.12124429,101.660955,Leucaena leucocephala,White leadtree
693,3.128222167,101.6495883,Leucaena leucocephala,White leadtree
694,3.121351004,101.6610947,Leucaena leucocephala,White leadtree
695,3.130781354,101.6577272,Leucaena leucocephala,White leadtree
696,3.03739709,101.5817638,Leucaena leucocephala,White leadtree
697,3.120040217,101.6542276,Leucaena leucocephala,White leadtree
698,2.900351667,101.66859,Leucaena leucocephala,White leadtree
699,2.90019,101.6685567,Leucaena leucocephala,White leadtree
700,2.933341667,101.7047583,Leucaena leucocephala,White leadtree
701,3.151106371,101.7022191,Leucaena leucocephala,White leadtree
702,3.097188472,101.7433014,Leucaena leucocephala,White leadtree
703,2.702891111,101.9103851,Leucaena leucocephala,White leadtree
704,2.702891111,101.9103851,Leucaena leucocephala,White leadtree
705,3.037329556,101.611762,Leucaena leucocephala,White leadtree
706,3.139777833,101.6965167,Leucaena leucocephala,White leadtree
707,4.76111126,100.7394409,Leucaena leucocephala,White leadtree
708,3.130277872,101.6136093,Leucaena leucocephala,White leadtree
709,2.703388929,101.9521027,Leucaena leucocephala,White leadtree
710,2.732023001,101.8900604,Leucaena leucocephala,White leadtree
711,2.192572117,102.2486954,Leucaena leucocephala,White leadtree
712,2.474351883,102.2270813,Leucaena leucocephala,White leadtree
713,2.684850931,101.9191055,Leucaena leucocephala,White leadtree
714,2.687501907,101.9270782,Leucaena leucocephala,White leadtree
715,2.727121115,101.8929138,Leucaena leucocephala,White leadtree
716,3.124931989,101.6296942,Leucaena leucocephala,White leadtree
717,1.478544878,103.6754369,Leucaena leucocephala,White leadtree
718,1.452799545,103.494358,Leucaena leucocephala,White leadtree
719,5.87867833,100.3367783,Leucaena leucocephala,White leadtree
720,2.676171028,101.9043198,Leucaena leucocephala,White leadtree
721,1.831554936,102.9329041,Leucaena leucocephala,White leadtree
722,2.677134944,101.8965454,Leucaena leucocephala,White leadtree
723,2.698863028,101.917511,Leucaena leucocephala,White leadtree
724,3.216421722,101.7513101,Leucaena leucocephala,White leadtree
725,3.051620484,101.75191,Leucaena leucocephala,White leadtree
726,3.229483333,101.7508,Leucaena leucocephala,White leadtree
727,3.05147686,101.7534634,Leucaena leucocephala,White leadtree
728,2.2519055,102.1941871,Leucaena leucocephala,White leadtree
729,1.55663933,103.6333239,Leucaena leucocephala,White leadtree
730,2.687833083,101.925003,Leucaena leucocephala,White leadtree
731,2.70856753,101.883807,Leucaena leucocephala,White leadtree
732,2.524474345,102.8387409,Leucaena leucocephala,White leadtree
733,3.029856917,101.7070084,Leucaena leucocephala,White leadtree
734,3.014753083,101.6941223,Leucaena leucocephala,White leadtree
735,5.237644494,100.5338679,Leucaena leucocephala,White leadtree
736,1.843854,102.9480617,Leucaena leucocephala,White leadtree
737,5.262183119,100.4818495,Leucaena leucocephala,White leadtree
738,5.354881687,100.2984422,Leucaena leucocephala,White leadtree
739,5.354571221,100.3036554,Leucaena leucocephala,White leadtree
740,5.359212398,100.2945786,Leucaena leucocephala,White leadtree
741,4.572153755,101.0320652,Leucaena leucocephala,White leadtree
742,5.350476967,100.2962047,Leucaena leucocephala,White leadtree
743,4.572816826,101.0314734,Leucaena leucocephala,White leadtree
744,5.349301288,100.2928675,Leucaena leucocephala,White leadtree
745,5.352249136,100.3007197,Leucaena leucocephala,White leadtree
746,3.015618083,101.6943359,Leucaena leucocephala,White leadtree
747,2.935986667,101.6020667,Leucaena leucocephala,White leadtree
748,2.676814056,101.9007111,Leucaena leucocephala,White leadtree
749,3.0978816,101.7183944,Leucaena leucocephala,White leadtree
750,3.015851972,101.6974029,Leucaena leucocephala,White leadtree
751,3.082749905,101.6650902,Leucaena leucocephala,White leadtree
752,3.081931046,101.666967,Leucaena leucocephala,White leadtree
753,3.365727972,101.304151,Leucaena leucocephala,Wild Tamarind
754,3.20977322,101.63996,Leucaena leucocephala,White leadtree
755,3.179092897,101.5816773,Leucaena leucocephala,White leadtree
756,3.113262852,101.6460143,Leucaena leucocephala,White leadtree
757,3.166677388,101.5476166,Leucaena leucocephala,White leadtree
758,3.001720972,101.606055,Leucaena leucocephala,White leadtree
759,3.200278333,101.698195,Leucaena leucocephala,White leadtree
760,5.453068036,100.3084839,Leucaena leucocephala,White leadtree
761,1.559357105,103.6385749,Leucaena leucocephala,White leadtree
762,3.032184467,101.5551783,Leucaena leucocephala,White leadtree
763,2.921318,101.655935,Leucaena leucocephala,White leadtree
764,3.092013909,101.7448272,Leucaena leucocephala,White leadtree
765,1.452799545,103.494358,Leucaena leucocephala,White leadtree
766,3.113755032,101.6672645,Leucaena leucocephala,White leadtree
767,3.093476775,101.620252,Leucaena leucocephala,White leadtree
768,3.066234845,101.6108014,Leucaena leucocephala,White leadtree
769,3.066282653,101.6109105,Leucaena leucocephala,White leadtree
770,3.114663,101.581323,Leucaena leucocephala,White leadtree
771,3.113933972,101.580878,Leucaena leucocephala,White leadtree
772,3.113802972,101.580947,Leucaena leucocephala,White leadtree
773,3.042565584,101.6515198,Leucaena leucocephala,White leadtree
774,3.111136,101.589076,Leucaena leucocephala,White leadtree
775,3.101334364,101.6179318,Leucaena leucocephala,White leadtree
776,3.110793972,101.594912,Leucaena leucocephala,White leadtree
777,2.751883489,102.2454181,Leucaena leucocephala,White leadtree
778,3.019369972,101.61852,Leucaena leucocephala,White leadtree
779,3.019315972,101.614487,Leucaena leucocephala,White leadtree
780,3.17832348,101.6457904,Leucaena leucocephala,White leadtree
781,3.013061111,101.6955444,Leucaena leucocephala,White leadtree
782,2.687294621,101.8034014,Leucaena leucocephala,White leadtree
783,3.163476972,101.738179,Leucaena leucocephala,White leadtree
784,1.54112,110.350175,Leucaena leucocephala,White leadtree
785,3.014761111,101.6942111,Leucaena leucocephala,White leadtree
786,2.990234747,101.4698154,Leucaena leucocephala,White leadtree
787,5.407788611,100.2885767,Leucaena leucocephala,White leadtree
788,3.015613889,101.7089972,Leucaena leucocephala,White leadtree
789,3.014027778,101.6892194,Leucaena leucocephala,White leadtree
790,2.984536525,101.5683386,Leucaena leucocephala,White leadtree
791,5.289681435,100.4517593,Leucaena leucocephala,White leadtree
792,5.2732267,100.488774,Leucaena leucocephala,White leadtree
793,5.978080765,116.0874456,Leucaena leucocephala,White leadtree
794,5.381231785,100.3008804,Leucaena leucocephala,White leadtree
795,3.097402811,101.4153214,Leucaena leucocephala,White leadtree
796,3.082742917,101.6156006,Leucaena leucocephala,White leadtree
797,3.082742917,101.6156006,Leucaena leucocephala,White leadtree
798,3.1333507,101.4571129,Leucaena leucocephala,White leadtree
799,3.201195,101.6948833,Leucaena leucocephala,White leadtree
800,3.20036737,101.695589,Leucaena leucocephala,White leadtree
801,2.722347222,101.915475,Leucaena leucocephala,White leadtree
802,3.100443521,101.6018121,Leucaena leucocephala,White leadtree
803,3.100007594,101.6011793,Leucaena leucocephala,White leadtree
804,3.0981213,101.6007739,Leucaena leucocephala,White leadtree
805,3.100501214,101.6017038,Leucaena leucocephala,White leadtree
806,2.044500579,102.6302688,Leucaena leucocephala,White leadtree
807,6.707685008,100.2671777,Leucaena leucocephala,White leadtree
808,3.180575,101.6546694,Leucaena leucocephala,White leadtree
809,2.703811111,101.8930167,Leucaena leucocephala,White leadtree
810,3.050462867,101.7518255,Leucaena leucocephala,White leadtree
811,3.052383791,101.7536195,Leucaena leucocephala,White leadtree
812,2.9776481,101.7142487,Leucaena leucocephala,Wild Tamarind
813,3.005185635,101.7094208,Leucaena leucocephala,White leadtree
814,1.541622359,110.3219856,Leucaena leucocephala,White leadtree
815,2.690444444,101.9238278,Leucaena leucocephala,White leadtree
816,3.003,101.3960944,Leucaena leucocephala,White leadtree
817,5.376149654,100.5548935,Leucaena leucocephala,White leadtree
818,2.718708333,101.9169139,Leucaena leucocephala,White leadtree
819,3.018993808,101.6175405,Leucaena leucocephala,White leadtree
820,6.295641667,99.72923333,Leucaena leucocephala,White leadtree
821,3.162016667,101.7458444,Leucaena leucocephala,White leadtree
822,5.4615,100.3134,Leucaena leucocephala,White leadtree
823,3.040895773,101.5241552,Leucaena leucocephala,White leadtree
824,3.015518889,101.6944427,Leucaena leucocephala,White leadtree
825,4.605664419,101.1222455,Leucaena leucocephala,White leadtree
826,4.320315775,101.1481059,Leucaena leucocephala,White leadtree
827,2.098122222,111.5130806,Leucaena leucocephala,White leadtree
828,3.079336974,101.5726355,Leucaena leucocephala,White leadtree
829,4.347753505,100.9665367,Leucaena leucocephala,White leadtree
830,2.989168011,101.7125228,Leucaena leucocephala,White leadtree
831,2.715161111,101.9109611,Leucaena leucocephala,White leadtree
832,5.40272501,100.2943671,Leucaena leucocephala,White leadtree
833,5.403620719,100.295201,Leucaena leucocephala,White leadtree
834,4.775342126,100.9118083,Leucaena leucocephala,White leadtree
835,3.171575,101.5004556,Leucaena leucocephala,White leadtree
836,2.932551972,101.706408,Leucaena leucocephala,White leadtree
837,3.021044444,101.6145306,Leucaena leucocephala,White leadtree
838,3.118900863,101.6381923,Leucaena leucocephala,White leadtree
839,3.09594515,101.6628413,Leucaena leucocephala,White leadtree
840,1.558858333,103.6268833,Leucaena leucocephala,White leadtree
841,2.969575,101.694405,Leucaena leucocephala,White leadtree
842,2.9662141,101.6943839,Leucaena leucocephala,White leadtree
843,2.968986111,101.6941972,Leucaena leucocephala,White leadtree
844,2.970786667,101.6934367,Leucaena leucocephala,White leadtree
845,2.93305,101.7025367,Leucaena leucocephala,White leadtree
846,2.915439972,101.68879,Leucaena leucocephala,White leadtree
847,2.90479866,101.6833431,Leucaena leucocephala,White leadtree
848,2.879633333,101.7917417,Leucaena leucocephala,White leadtree
849,2.92288277,101.7004866,Leucaena leucocephala,White leadtree
850,2.92289857,101.7005196,Leucaena leucocephala,White leadtree
851,2.699961111,101.9542806,Leucaena leucocephala,White leadtree
852,2.700036111,101.9524583,Leucaena leucocephala,White leadtree
853,2.925466735,101.6959552,Leucaena leucocephala,White leadtree
854,2.91731114,101.6768408,Leucaena leucocephala,White leadtree
855,2.92704508,101.6911082,Leucaena leucocephala,White leadtree
856,2.891503333,101.6828083,Leucaena leucocephala,White leadtree
857,2.917511231,101.7064053,Leucaena leucocephala,Wild Tamarind
858,2.92156246,101.6974356,Leucaena leucocephala,White leadtree
859,2.883172222,101.7925806,Leucaena leucocephala,White leadtree
860,3.178605556,101.5104306,Leucaena leucocephala,White leadtree
861,2.949011111,101.7589194,Leucaena leucocephala,White leadtree
862,3.268340088,101.6726662,Leucaena leucocephala,White leadtree
863,3.148619444,101.5095111,Leucaena leucocephala,White leadtree
864,3.159891129,101.5812454,Leucaena leucocephala,White leadtree
865,2.94288759,101.7246452,Leucaena leucocephala,White leadtree
866,2.933811871,101.6979852,Leucaena leucocephala,White leadtree
867,2.930305889,101.6900651,Leucaena leucocephala,White leadtree
868,2.907822308,101.6846741,Leucaena leucocephala,White leadtree
869,5.414833333,100.32003,Leucaena leucocephala,White leadtree
870,2.917288333,101.706725,Leucaena leucocephala,White leadtree
871,2.92241857,101.7002773,Leucaena leucocephala,White leadtree
872,2.914853976,101.689782,Leucaena leucocephala,White leadtree
873,2.957963622,101.6672785,Leucaena leucocephala,White leadtree
874,2.899347299,101.6745631,Leucaena leucocephala,White leadtree
875,2.94886664,101.6773973,Leucaena leucocephala,White leadtree
876,3.018622222,101.696825,Leucaena leucocephala,White leadtree
877,6.434757,99.7991445,Leucaena leucocephala,White leadtree
878,2.9195811,101.6749876,Leucaena leucocephala,White leadtree
879,2.9247505,101.6793578,Leucaena leucocephala,White leadtree
880,2.918400108,101.6959858,Leucaena leucocephala,White leadtree
881,4.362129216,100.9589508,Leucaena leucocephala,White leadtree
882,3.012751135,101.7100099,Leucaena leucocephala,White leadtree
883,2.935111667,101.6809783,Leucaena leucocephala,White leadtree
884,2.949795,101.69857,Leucaena leucocephala,White leadtree
885,2.952479169,101.7290204,Leucaena leucocephala,White leadtree
886,1.45642847,103.6891231,Leucaena leucocephala,White leadtree
887,3.210049724,101.5034295,Leucaena leucocephala,White leadtree
888,3.246339665,101.6805049,Leucaena leucocephala,White leadtree
889,1.464616269,103.6326586,Leucaena leucocephala,White leadtree
890,3.210049724,101.5034295,Leucaena leucocephala,White leadtree
891,5.8722,118.066904,Leucaena leucocephala,White leadtree
892,6.007572184,116.1244464,Leucaena leucocephala,White leadtree
893,5.457538333,100.1928467,Leucaena leucocephala,White leadtree
894,2.824712777,101.4674826,Leucaena leucocephala,White leadtree
895,2.815156902,101.4534089,Leucaena leucocephala,White leadtree
896,6.03229868,100.3682903,Leucaena leucocephala,White leadtree
897,2.727902778,101.8836472,Leucaena leucocephala,White leadtree
898,3.016984917,101.6987533,Leucaena leucocephala,White leadtree
899,3.015797222,101.7090528,Leucaena leucocephala,White leadtree
900,2.682816667,101.9107444,Leucaena leucocephala,White leadtree
901,3.146608333,101.6149533,Leucaena leucocephala,White leadtree
902,2.51015,103.0154722,Leucaena leucocephala,White leadtree
903,3.845336605,101.2840333,Leucaena leucocephala,White leadtree
904,1.478380556,104.1861444,Leucaena leucocephala,White leadtree
905,5.704128705,100.6689385,Leucaena leucocephala,White leadtree
906,3.876850642,101.2733748,Leucaena leucocephala,White leadtree
907,1.480144444,104.188525,Leucaena leucocephala,White leadtree
908,3.244283333,102.2446972,Leucaena leucocephala,White leadtree
909,3.246677778,102.2392667,Leucaena leucocephala,White leadtree
910,1.762201654,104.0811568,Leucaena leucocephala,White leadtree
911,4.081222789,101.7966446,Leucaena leucocephala,White leadtree
912,3.84107048,101.2971398,Leucaena leucocephala,White leadtree
913,1.762211707,104.0811799,Leucaena leucocephala,White leadtree
914,3.334058333,102.6074472,Leucaena leucocephala,White leadtree
915,3.866017168,101.2769767,Leucaena leucocephala,White leadtree
916,1.771276615,103.6056675,Leucaena leucocephala,Wild Tamarind
917,2.8113544,101.8070333,Leucaena leucocephala,White leadtree
918,2.918536667,101.641905,Leucaena leucocephala,White leadtree
919,3.121945208,101.484475,Acacia mangium,Big-leaved Acacia
920,3.122017147,101.4845696,Acacia mangium,Big-leaved Acacia
921,5.968966484,116.0983124,Acacia mangium,Big-leaved Acacia
922,2.692777872,101.9158325,Acacia mangium,Big-leaved Acacia
923,2.80739108,101.7251293,Acacia mangium,Big-leaved Acacia
924,2.686111212,101.9263916,Acacia mangium,Big-leaved Acacia
925,2.988598121,101.461,Acacia mangium,Big-leaved Acacia
926,2.993516896,101.4656336,Acacia mangium,Big-leaved Acacia
927,2.723055556,101.9027778,Acacia mangium,Big-leaved Acacia
928,2.717499971,101.8997192,Acacia mangium,Big-leaved Acacia
929,2.722222328,101.9008331,Acacia mangium,Big-leaved Acacia
930,2.7225,101.8925,Acacia mangium,Big-leaved Acacia
931,2.723055556,101.8944444,Acacia mangium,Big-leaved Acacia
932,3.121842881,101.4841811,Acacia mangium,Big-leaved Acacia
933,5.43757,103.0393717,Acacia mangium,Big-leaved Acacia
934,6.045430899,116.1251396,Acacia mangium,Big-leaved Acacia
935,3.037377002,101.5810356,Acacia mangium,Big-leaved Acacia
936,2.933383333,101.7051317,Acacia mangium,Big-leaved Acacia
937,2.945108173,101.8725786,Acacia mangium,Big-leaved Acacia
938,3.096649167,101.7427673,Acacia mangium,Big-leaved Acacia
939,3.097641222,101.7417374,Acacia mangium,Big-leaved Acacia
940,3.214444399,113.0500031,Acacia mangium,Big-leaved Acacia
941,2.701869965,101.9558029,Acacia mangium,Big-leaved Acacia
942,2.706350088,101.9079514,Acacia mangium,Big-leaved Acacia
943,2.706146956,101.905426,Acacia mangium,Big-leaved Acacia
944,2.705318928,101.9058228,Acacia mangium,Big-leaved Acacia
945,2.697755098,101.9064636,Acacia mangium,Big-leaved Acacia
946,2.734771967,101.8893509,Acacia mangium,Big-leaved Acacia
947,2.711831093,101.891449,Acacia mangium,Big-leaved Acacia
948,2.986976277,101.711581,Acacia mangium,Big-leaved Acacia
949,1.559236818,103.6353485,Acacia mangium,Big-leaved Acacia
950,2.60172167,101.690225,Acacia mangium,Big-leaved Acacia
951,3.116512,102.630242,Acacia mangium,Big-leaved Acacia
952,2.261915379,102.2766132,Acacia mangium,Big-leaved Acacia
953,2.701818943,101.91185,Acacia mangium,Big-leaved Acacia
954,2.017845,113.0119583,Acacia mangium,Big-leaved Acacia
955,3.053699056,101.8204575,Acacia mangium,Big-leaved Acacia
956,1.441850299,103.9402265,Acacia mangium,Big-leaved Acacia
957,2.721503944,101.8890457,Acacia mangium,Big-leaved Acacia
958,1.443990621,103.6205872,Acacia mangium,Big-leaved Acacia
959,1.5362,103.6316383,Acacia mangium,Big-leaved Acacia
960,1.494072983,103.7762422,Acacia mangium,Big-leaved Acacia
961,1.49413656,103.7761923,Acacia mangium,Big-leaved Acacia
962,4.399493,113.9913832,Acacia mangium,Big-leaved Acacia
963,4.029103846,103.4015531,Acacia mangium,Big-leaved Acacia
964,3.122187913,101.4846943,Acacia mangium,Big-leaved Acacia
965,2.712013917,101.8872375,Acacia mangium,Big-leaved Acacia
966,2.702759972,101.8929138,Acacia mangium,Big-leaved Acacia
967,2.693346,101.9214325,Acacia mangium,Big-leaved Acacia
968,2.730493028,101.8907776,Acacia mangium,Big-leaved Acacia
969,2.728363972,101.890419,Acacia mangium,Big-leaved Acacia
970,2.700890972,101.8971939,Acacia mangium,Big-leaved Acacia
971,2.2544947,102.2189666,Acacia mangium,Big-leaved Acacia
972,4.138290972,103.40592,Acacia mangium,Big-leaved Acacia
973,2.996442,101.677978,Acacia mangium,Big-leaved Acacia
974,5.84808,118.065301,Acacia mangium,Big-leaved Acacia
975,5.849141571,118.065915,Acacia mangium,Big-leaved Acacia
976,2.492325575,101.8405212,Acacia mangium,Big-leaved Acacia
977,2.850046628,101.7335489,Acacia mangium,Big-leaved Acacia
978,2.14409717,102.728325,Acacia mangium,Big-leaved Acacia
979,3.020251972,101.6904678,Acacia mangium,Big-leaved Acacia
980,3.21546342,101.6650277,Acacia mangium,Big-leaved Acacia
981,3.215838333,101.6644667,Acacia mangium,Big-leaved Acacia
982,3.1189695,101.4737383,Acacia mangium,Big-leaved Acacia
983,3.081790599,101.4569672,Acacia mangium,Big-leaved Acacia
984,1.4805011,103.7461324,Acacia mangium,Big-leaved Acacia
985,5.936625196,116.0626003,Acacia mangium,Big-leaved Acacia
986,2.929913552,113.1255417,Acacia mangium,Big-leaved Acacia
987,2.706811111,101.8832889,Acacia mangium,Big-leaved Acacia
988,2.706811111,101.8832889,Acacia mangium,Big-leaved Acacia
989,2.693886111,101.8897861,Acacia mangium,Big-leaved Acacia
990,2.713557785,101.9089685,Acacia mangium,Big-leaved Acacia
991,2.724166667,101.8927778,Acacia mangium,Big-leaved Acacia
992,2.687097222,101.9172583,Acacia mangium,Big-leaved Acacia
993,3.169675,101.5129467,Acacia mangium,Big-leaved Acacia
994,3.373866667,101.4116133,Acacia mangium,Big-leaved Acacia
995,5.969314349,116.098057,Acacia mangium,Big-leaved Acacia
996,5.465118,100.2822098,Acacia mangium,Big-leaved Acacia
997,2.726222222,101.8911306,Acacia mangium,Big-leaved Acacia
998,1.461721454,103.6399319,Acacia mangium,Big-leaved Acacia
999,1.558865772,103.6269562,Acacia mangium,Big-leaved Acacia
1000,1.57648263,103.5756003,Acacia mangium,Big-leaved Acacia
1001,2.721561111,101.888975,Acacia mangium,Big-leaved Acacia
1002,2.923663333,101.7684117,Acacia mangium,Big-leaved Acacia
1003,1.5545735,103.6863412,Acacia mangium,Big-leaved Acacia
1004,1.463696,103.645532,Acacia mangium,Big-leaved Acacia
1005,3.153277778,101.7194,Acacia mangium,Big-leaved Acacia
1006,2.689541667,101.9134694,Acacia mangium,Big-leaved Acacia
1007,3.175458333,101.603725,Acacia mangium,Big-leaved Acacia
1008,3.169291667,101.7648467,Acacia mangium,Big-leaved Acacia
1009,4.32177,100.5670867,Acacia mangium,Big-leaved Acacia
1010,4.355703333,100.958995,Acacia mangium,Big-leaved Acacia
1011,4.35549,100.9590617,Acacia mangium,Big-leaved Acacia
1012,4.355942782,100.9598115,Acacia mangium,Big-leaved Acacia
1013,4.355899656,100.9599087,Acacia mangium,Big-leaved Acacia
1014,4.355960834,100.960195,Acacia mangium,Big-leaved Acacia
1015,3.167352778,101.7736306,Acacia mangium,Big-leaved Acacia
1016,3.095288833,101.4993967,Acacia mangium,Big-leaved Acacia
1017,2.55743495,103.7624923,Acacia mangium,Big-leaved Acacia
1018,3.018833333,101.6900806,Acacia mangium,Big-leaved Acacia
1019,2.712013889,101.8871139,Acacia mangium,Big-leaved Acacia
1020,4.347792648,100.9649112,Acacia mangium,Big-leaved Acacia
1021,5.20894055,100.6101549,Acacia mangium,Big-leaved Acacia
1022,2.728305556,101.8961222,Acacia mangium,Big-leaved Acacia
1023,3.173233333,101.5012944,Acacia mangium,Big-leaved Acacia
1024,3.173213889,101.5011472,Acacia mangium,Big-leaved Acacia
1025,3.172961111,101.500475,Acacia mangium,Big-leaved Acacia
1026,3.172811111,101.4999833,Acacia mangium,Big-leaved Acacia
1027,3.71180973,101.727404,Acacia mangium,Big-leaved Acacia
1028,3.173333333,101.5015972,Acacia mangium,Big-leaved Acacia
1029,1.5520404,103.6357288,Acacia mangium,Big-leaved Acacia
1030,1.556376667,103.635085,Acacia mangium,Big-leaved Acacia
1031,1.55569,103.63458,Acacia mangium,Big-leaved Acacia
1032,1.561453232,103.6326484,Acacia mangium,Big-leaved Acacia
1033,1.55607,103.6366617,Acacia mangium,Big-leaved Acacia
1034,1.558566667,103.624755,Acacia mangium,Big-leaved Acacia
1035,6.97075,116.8124778,Acacia mangium,Big-leaved Acacia
1036,6.970644444,116.8115222,Acacia mangium,Big-leaved Acacia
1037,2.889472222,101.6740472,Acacia mangium,Big-leaved Acacia
1038,2.913063518,101.6912185,Acacia mangium,Big-leaved Acacia
1039,2.711063889,101.8932472,Acacia mangium,Big-leaved Acacia
1040,5.851965475,118.0805331,Acacia mangium,Big-leaved Acacia
1041,2.905967994,101.6828439,Acacia mangium,Big-leaved Acacia
1042,3.175461111,101.528,Acacia mangium,Big-leaved Acacia
1043,5.35602626,100.2979579,Acacia mangium,Big-leaved Acacia
1044,5.450225537,100.182755,Acacia mangium,Big-leaved Acacia
1045,4.3564349,100.9560103,Acacia mangium,Big-leaved Acacia
1046,4.371467535,100.9586766,Acacia mangium,Big-leaved Acacia
1047,1.521019649,110.3880724,Acacia mangium,Big-leaved Acacia
1048,3.1482,101.5081028,Acacia mangium,Big-leaved Acacia
1049,3.148302778,101.5093361,Acacia mangium,Big-leaved Acacia
1050,3.149097222,101.5096722,Acacia mangium,Big-leaved Acacia
1051,2.966208333,101.6752472,Acacia mangium,Big-leaved Acacia
1052,2.966208333,101.6752472,Acacia mangium,Big-leaved Acacia
1053,3.132244444,101.6574972,Acacia mangium,Big-leaved Acacia
1054,5.848018556,118.0610632,Acacia mangium,Big-leaved Acacia
1055,3.172698,101.499791,Acacia mangium,Big-leaved Acacia
1056,2.94667093,101.7222544,Acacia mangium,Big-leaved Acacia
1057,2.960605913,101.6751307,Acacia mangium,Big-leaved Acacia
1058,2.94413844,101.7275908,Acacia mangium,Big-leaved Acacia
1059,2.91519092,101.7031709,Acacia mangium,Big-leaved Acacia
1060,1.8735778,103.9239959,Acacia mangium,Big-leaved Acacia
1061,4.357199231,100.9571446,Acacia mangium,Big-leaved Acacia
1062,2.9248541,101.679379,Acacia mangium,Big-leaved Acacia
1063,4.372749928,100.9572334,Acacia mangium,Big-leaved Acacia
1064,3.757734537,102.5658646,Acacia mangium,Big-leaved Acacia
1065,1.455400572,103.9013002,Acacia mangium,Big-leaved Acacia
1066,2.95856906,101.6658336,Acacia mangium,Big-leaved Acacia
1067,2.719902778,101.9007472,Acacia mangium,Big-leaved Acacia
1068,6.097531,100.284197,Acacia mangium,Big-leaved Acacia
1069,2.943069444,101.7197194,Acacia mangium,Big-leaved Acacia
1070,4.35719314,100.9571231,Acacia mangium,Big-leaved Acacia
1071,2.722536111,101.8943389,Acacia mangium,Big-leaved Acacia
1072,2.688977778,101.9178389,Acacia mangium,Big-leaved Acacia
1073,4.356388687,100.9579172,Acacia mangium,Big-leaved Acacia
1074,4.354220037,100.9551737,Acacia mangium,Big-leaved Acacia
1075,4.35411582,100.9554372,Acacia mangium,Big-leaved Acacia
1076,3.129221425,101.5803379,Acacia mangium,Big-leaved Acacia
1077,3.17257243,101.5001924,Acacia mangium,Big-leaved Acacia
1078,3.246619065,101.5354793,Acacia mangium,Big-leaved Acacia
1079,3.246339665,101.6805049,Acacia mangium,Big-leaved Acacia
1080,4.35647975,100.9574038,Acacia mangium,Big-leaved Acacia
1081,5.871227,118.065882,Acacia mangium,Big-leaved Acacia
1082,5.586846667,101.4755883,Acacia mangium,Big-leaved Acacia
1083,4.356015326,100.9585525,Acacia mangium,Big-leaved Acacia
1084,4.357249341,100.9569666,Acacia mangium,Big-leaved Acacia
1085,2.697752778,101.9064583,Acacia mangium,Big-leaved Acacia
1086,2.707480556,101.9078861,Acacia mangium,Big-leaved Acacia
1087,2.702622222,101.9122556,Acacia mangium,Big-leaved Acacia
1088,1.77162413,103.6073891,Acacia mangium,Big-leaved Acacia
1089,2.384436291,103.7141994,Acacia mangium,Big-leaved Acacia
1090,1.772064473,103.6070002,Acacia mangium,Big-leaved Acacia
1091,2.651097068,102.4874214,Acacia mangium,Big-leaved Acacia
1092,4.96479035,103.0422037,Acacia mangium,Big-leaved Acacia
1093,3.769485,101.4471617,Acacia mangium,Big-leaved Acacia
1094,1.557335,103.63487,Acacia mangium,Big-leaved Acacia
1095,2.645124139,102.4899738,Acacia mangium,Big-leaved Acacia
1096,3.248502778,102.2431667,Acacia mangium,Big-leaved Acacia
1097,3.142642127,101.4850696,Acacia mangium,Big-leaved Acacia
1098,3.1417445,101.4863967,Acacia mangium,Big-leaved Acacia
1099,3.1418945,101.4852917,Acacia mangium,Big-leaved Acacia
1100,1.762403394,104.0813449,Acacia mangium,Big-leaved Acacia
1101,4.068138626,101.7999117,Acacia mangium,Big-leaved Acacia
1102,2.711202778,101.8927889,Acacia mangium,Big-leaved Acacia
1103,1.47652035,104.1859939,Acacia mangium,Big-leaved Acacia
1104,5.134253348,102.9418019,Acacia mangium,Big-leaved Acacia
1105,5.13385902,102.9452706,Acacia mangium,Big-leaved Acacia
1106,1.849185049,103.63607,Acacia mangium,Big-leaved Acacia
1107,5.723975927,100.6566998,Acacia mangium,Big-leaved Acacia
1108,4.965342959,103.0364447,Acacia mangium,Big-leaved Acacia
1109,3.1252893,101.4766151,Acacia mangium,Big-leaved Acacia
1110,1.5194734,103.8686692,Acacia mangium,Big-leaved Acacia
1111,1.5207584,103.8691896,Acacia mangium,Big-leaved Acacia
1112,1.5245986,103.8662845,Acacia mangium,Big-leaved Acacia
1113,1.522941,103.8563272,Acacia mangium,Big-leaved Acacia
1114,1.238155,110.646606,Lantana camara,common lantana
1115,5.356837117,100.2900263,Lantana camara,common lantana
1116,5.356606868,100.3053041,Lantana camara,common lantana
1117,5.3561108,100.2897236,Lantana camara,common lantana
1118,5.356426529,100.28911,Lantana camara,common lantana
1119,5.42382,100.2671183,Lantana camara,common lantana
1120,5.423968644,100.2673042,Lantana camara,common lantana
1121,4.636969,101.162439,Lantana camara,common lantana
1122,5.356665872,100.2897232,Lantana camara,common lantana
1123,5.356836667,100.2900783,Lantana camara,common lantana
1124,5.356755839,100.2901713,Lantana camara,common lantana
1125,5.356629,100.305765,Lantana camara,common lantana
1126,5.358925819,100.2932434,Lantana camara,common lantana
1127,5.35881873,100.2931842,Lantana camara,common lantana
1128,5.356693333,100.291345,Lantana camara,common lantana
1129,5.355781667,100.28987,Lantana camara,common lantana
1130,5.356840789,100.2899874,Lantana camara,common lantana
1131,5.35681412,100.2900502,Lantana camara,common lantana
1132,5.357120525,100.2902727,Lantana camara,common lantana
1133,5.3562569,100.2917412,Lantana camara,common lantana
1134,5.3569258,100.2906089,Lantana camara,common lantana
1135,5.425389682,100.268332,Lantana camara,common lantana
1136,5.359156369,100.3031687,Lantana camara,common lantana
1137,5.424189941,100.2697297,Lantana camara,common lantana
1138,5.35689,100.3020209,Lantana camara,common lantana
1139,5.357524753,100.2890396,Lantana camara,common lantana
1140,5.356609204,100.3020086,Lantana camara,common lantana
1141,5.356728295,100.2899586,Lantana camara,common lantana
1142,5.468807971,100.2455235,Lantana camara,common lantana
1143,3.00538055,101.7321383,Lantana camara,common lantana
1144,3.12472229,101.6546308,Lantana camara,common lantana
1145,3.03901425,101.5769221,Lantana camara,common lantana
1146,3.0363236,101.5864863,Lantana camara,common lantana
1147,3.03223049,101.4396243,Lantana camara,common lantana
1148,2.88739242,101.289356,Lantana camara,common lantana
1149,3.0925475,101.7449956,Lantana camara,common lantana
1150,3.0925475,101.7449956,Lantana camara,common lantana
1151,3.0925475,101.7449956,Lantana camara,common lantana
1152,3.032097678,101.4398951,Lantana camara,common lantana
1153,3.143,101.68466,Lantana camara,common lantana
1154,3.124547778,101.65471,Lantana camara,common lantana
1155,3.124547778,101.65471,Lantana camara,common lantana
1156,2.88490152,101.285255,Lantana camara,common lantana
1157,3.144006993,101.6817632,Lantana camara,common lantana
1158,2.9490389,101.3317605,Lantana camara,common lantana
1159,2.89357966,101.2912145,Lantana camara,common lantana
1160,2.88736935,101.2894064,Lantana camara,common lantana
1161,6.35853305,99.6929886,Lantana camara,common lantana
1162,3.837698793,100.8888704,Lantana camara,common lantana
1163,3.711868,101.7365558,Lantana camara,common lantana
1164,2.528257806,101.8147368,Lantana camara,common lantana
1165,4.382575,102.40233,Lantana camara,common lantana
1166,2.940719547,101.9033221,Lantana camara,common lantana
1167,2.697499991,101.9544449,Lantana camara,common lantana
1168,3.717485576,101.7524867,Lantana camara,common lantana
1169,2.705231127,101.9120206,Lantana camara,common lantana
1170,2.705277681,101.9122238,Lantana camara,common lantana
1171,5.42425,100.2693266,Lantana camara,common lantana
1172,3.714699179,101.7238588,Lantana camara,common lantana
1173,3.1652055,101.7765283,Lantana camara,common lantana
1174,2.721944332,101.8991699,Lantana camara,common lantana
1175,2.684444428,101.9269409,Lantana camara,common lantana
1176,5.359098287,100.3012905,Lantana camara,common lantana
1177,5.359194492,100.3011615,Lantana camara,common lantana
1178,5.414776782,100.2762787,Lantana camara,common lantana
1179,2.706111193,101.8824997,Lantana camara,common lantana
1180,5.42396757,100.2701198,Lantana camara,common lantana
1181,5.425047807,100.2687211,Lantana camara,common lantana
1182,5.420476701,100.2773966,Lantana camara,common lantana
1183,5.415186128,100.3026377,Lantana camara,common lantana
1184,5.42263,100.2663467,Lantana camara,common lantana
1185,5.423921024,100.2685979,Lantana camara,common lantana
1186,5.424360275,100.2690964,Lantana camara,common lantana
1187,5.4243086,100.2688362,Lantana camara,common lantana
1188,5.339580955,100.2934938,Lantana camara,common lantana
1189,5.424711667,100.269175,Lantana camara,common lantana
1190,5.4247124,100.2689002,Lantana camara,common lantana
1191,5.4233096,100.2686005,Lantana camara,common lantana
1192,5.379878351,100.2756548,Lantana camara,common lantana
1193,5.37993023,100.2756556,Lantana camara,common lantana
1194,5.424566746,100.2688904,Lantana camara,common lantana
1195,5.3894925,100.313892,Lantana camara,common lantana
1196,5.43513128,100.3105837,Lantana camara,common lantana
1197,5.404679461,100.3145494,Lantana camara,common lantana
1198,5.421538333,100.2661217,Lantana camara,common lantana
1199,5.333369028,100.2686065,Lantana camara,common lantana
1200,5.42462,100.2692117,Lantana camara,common lantana
1201,5.392210007,100.2792892,Lantana camara,common lantana
1202,5.43795057,100.2982412,Lantana camara,common lantana
1203,5.38558667,100.3073343,Lantana camara,common lantana
1204,5.408250649,100.2772272,Lantana camara,common lantana
1205,5.424664971,100.2690859,Lantana camara,common lantana
1206,5.373052479,100.3048506,Lantana camara,common lantana
1207,5.424985243,100.2688186,Lantana camara,common lantana
1208,5.424591667,100.2686217,Lantana camara,common lantana
1209,5.42463,100.26905,Lantana camara,common lantana
1210,5.423303127,100.2679443,Lantana camara,common lantana
1211,5.408568077,100.2770562,Lantana camara,common lantana
1212,5.407205905,100.3338516,Lantana camara,common lantana
1213,5.42261076,100.2661209,Lantana camara,common lantana
1214,5.42459686,100.2691187,Lantana camara,common lantana
1215,5.287941933,100.2819366,Lantana camara,common lantana
1216,5.423678818,100.268816,Lantana camara,common lantana
1217,5.362794458,100.3332507,Lantana camara,common lantana
1218,5.431517124,100.2996216,Lantana camara,common lantana
1219,5.291936435,100.2613241,Lantana camara,common lantana
1220,5.424596667,100.268555,Lantana camara,common lantana
1221,5.359105,100.3032533,Lantana camara,common lantana
1222,2.707499981,101.9030533,Lantana camara,common lantana
1223,5.35694798,100.2899251,Lantana camara,common lantana
1224,2.705277778,101.9122222,Lantana camara,common lantana
1225,5.355430488,100.2908557,Lantana camara,common lantana
1226,5.361287117,100.3003235,Lantana camara,common lantana
1227,2.992650753,101.7195456,Lantana camara,common lantana
1228,4.472069512,101.3819468,Lantana camara,common lantana
1229,5.423946154,100.2700548,Lantana camara,common lantana
1230,5.355418333,100.2907533,Lantana camara,common lantana
1231,3.037377,101.5810379,Lantana camara,common lantana
1232,5.42409718,100.2678347,Lantana camara,common lantana
1233,5.421722889,100.2656403,Lantana camara,common lantana
1234,3.212508125,101.6831697,Lantana camara,common lantana
1235,3.034444444,101.58,Lantana camara,common lantana
1236,5.424139208,100.2692845,Lantana camara,common lantana
1237,3.037499051,101.5817168,Lantana camara,common lantana
1238,3.116632528,101.6602531,Lantana camara,common lantana
1239,3.035833359,101.5863876,Lantana camara,common lantana
1240,3.019459386,101.6168519,Lantana camara,common lantana
1241,3.124639167,101.6673786,Lantana camara,common lantana
1242,2.990906,101.7077179,Lantana camara,common lantana
1243,2.990139,101.7070465,Lantana camara,common lantana
1244,2.123681068,111.5184021,Lantana camara,common lantana
1245,3.236435028,113.0712709,Lantana camara,common lantana
1246,5.357689381,100.3043137,Lantana camara,common lantana
1247,3.41621282,101.8427171,Lantana camara,common lantana
1248,5.373605,100.2231217,Lantana camara,common lantana
1249,2.707118972,101.9003219,Lantana camara,common lantana
1250,2.707211917,101.9014664,Lantana camara,common lantana
1251,2.715965986,101.9057312,Lantana camara,common lantana
1252,6.556668333,100.2046683,Lantana camara,common lantana
1253,6.646102512,100.1990234,Lantana camara,common lantana
1254,3.404192925,101.6377716,Lantana camara,common lantana
1255,2.676989079,101.8857727,Lantana camara,common lantana
1256,5.961727495,116.0707626,Lantana camara,common lantana
1257,2.702035904,101.9119186,Lantana camara,common lantana
1258,5.354729539,100.2977187,Lantana camara,common lantana
1259,2.706713915,101.9015427,Lantana camara,common lantana
1260,2.707425111,101.9022598,Lantana camara,common lantana
1261,2.707721944,101.901268,Lantana camara,common lantana
1262,6.012255192,116.5394974,Lantana camara,common lantana
1263,3.126200618,101.625186,Lantana camara,common lantana
1264,2.707876921,101.9020462,Lantana camara,common lantana
1265,2.707990885,101.9018555,Lantana camara,common lantana
1266,2.707139969,101.9002991,Lantana camara,common lantana
1267,3.71108089,100.9259087,Lantana camara,common lantana
1268,2.445574191,101.8550487,Lantana camara,common lantana
1269,1.441850299,103.9402265,Lantana camara,common lantana
1270,2.703146667,101.714255,Lantana camara,common lantana
1271,2.929775953,101.9276733,Lantana camara,common lantana
1272,2.231069044,104.061241,Lantana camara,common lantana
1273,5.418866667,100.2658,Lantana camara,common lantana
1274,5.418851376,100.2656555,Lantana camara,common lantana
1275,3.03955929,101.8041998,Lantana camara,common lantana
1276,2.6542944,101.7849476,Lantana camara,common lantana
1277,2.6542944,101.7849476,Lantana camara,common lantana
1278,2.999854072,101.7141787,Lantana camara,common lantana
1279,5.420590108,100.3083832,Lantana camara,common lantana
1280,2.715373972,101.9103851,Lantana camara,common lantana
1281,5.354685029,100.2985853,Lantana camara,common lantana
1282,2.701987,101.9117584,Lantana camara,common lantana
1283,1.494888081,103.7766208,Lantana camara,common lantana
1284,4.488233333,101.3905867,Lantana camara,common lantana
1285,4.3847812,102.4005068,Lantana camara,common lantana
1286,2.676812861,101.9015121,Lantana camara,common lantana
1287,3.141562496,101.4832669,Lantana camara,common lantana
1288,3.038765103,101.8038151,Lantana camara,common lantana
1289,3.19861569,101.739324,Lantana camara,common lantana
1290,3.19865962,101.7393091,Lantana camara,common lantana
1291,5.218461922,100.6934601,Lantana camara,common lantana
1292,3.068518,101.7704228,Lantana camara,common lantana
1293,3.0437555,101.7536383,Lantana camara,common lantana
1294,2.2817147,102.2641459,Lantana camara,common lantana
1295,5.151723673,100.9864105,Lantana camara,common lantana
1296,1.844084926,102.949052,Lantana camara,common lantana
1297,2.676800028,101.8971786,Lantana camara,common lantana
1298,4.780990203,102.4661726,Lantana camara,common lantana
1299,3.711868,101.7365558,Lantana camara,common lantana
1300,1.412624249,103.6257832,Lantana camara,common lantana
1301,3.355819944,101.7849655,Lantana camara,common lantana
1302,1.843854,102.9480617,Lantana camara,common lantana
1303,5.238533056,100.4907719,Lantana camara,common lantana
1304,2.701797972,101.8979034,Lantana camara,common lantana
1305,2.724025972,101.9282074,Lantana camara,common lantana
1306,2.728970056,101.8907776,Lantana camara,common lantana
1307,1.57420165,103.6340527,Lantana camara,common lantana
1308,2.993725236,101.7874057,Lantana camara,common lantana
1309,3.022813056,101.7125397,Lantana camara,common lantana
1310,3.11121667,101.5219283,Lantana camara,common lantana
1311,3.052376406,101.7533246,Lantana camara,common lantana
1312,2.699064944,101.8971939,Lantana camara,common lantana
1313,3.177545612,101.6075931,Lantana camara,common lantana
1314,2.199604598,102.2964891,Lantana camara,common lantana
1315,4.193777276,103.4097181,Lantana camara,common lantana
1316,4.538460668,100.7202211,Lantana camara,common lantana
1317,2.706162,101.8875656,Lantana camara,common lantana
1318,2.677474972,101.8954086,Lantana camara,common lantana
1319,5.356520997,100.2891429,Lantana camara,common lantana
1320,5.424519272,100.2687059,Lantana camara,common lantana
1321,5.356520997,100.2891429,Lantana camara,common lantana
1322,5.383365813,100.2979312,Lantana camara,common lantana
1323,5.356462281,100.2889768,Lantana camara,common lantana
1324,5.36125127,100.3014092,Lantana camara,common lantana
1325,5.38303314,100.2993296,Lantana camara,common lantana
1326,5.3565597,100.2890739,Lantana camara,common lantana
1327,5.2777661,100.49947,Lantana camara,common lantana
1328,5.360035694,100.3036131,Lantana camara,common lantana
1329,5.35718583,100.3012552,Lantana camara,common lantana
1330,5.404395768,100.2811853,Lantana camara,common lantana
1331,5.361535074,100.3013334,Lantana camara,common lantana
1332,2.675961028,101.900856,Lantana camara,common lantana
1333,5.23242573,100.5091293,Lantana camara,common lantana
1334,5.408460933,100.2773314,Lantana camara,common lantana
1335,5.408460933,100.2773314,Lantana camara,common lantana
1336,5.349433821,100.2942699,Lantana camara,common lantana
1337,2.938195,101.6009217,Lantana camara,common lantana
1338,5.283570844,100.2904547,Lantana camara,common lantana
1339,2.96509256,101.7167786,Lantana camara,common lantana
1340,2.9652096,101.7170444,Lantana camara,common lantana
1341,3.611016667,101.0918278,Lantana camara,common lantana
1342,3.040904512,101.5747217,Lantana camara,common lantana
1343,3.03945476,101.804315,Lantana camara,common lantana
1344,3.03947692,101.8043215,Lantana camara,common lantana
1345,3.03940373,101.8042925,Lantana camara,common lantana
1346,3.365266667,101.3147667,Lantana camara,common lantana
1347,3.120222222,101.6482472,Lantana camara,common lantana
1348,5.4084613,100.2773317,Lantana camara,common lantana
1349,5.465118,100.2822098,Lantana camara,common lantana
1350,1.545611901,103.6615519,Lantana camara,common lantana
1351,3.014527959,101.6850238,Lantana camara,common lantana
1352,2.983916012,101.6033348,Lantana camara,common lantana
1353,2.98056364,101.601357,Lantana camara,common lantana
1354,3.051313446,101.7396186,Lantana camara,common lantana
1355,3.1592232,101.6307854,Lantana camara,common lantana
1356,3.216438076,101.7509095,Lantana camara,common lantana
1357,2.922160472,101.6657384,Lantana camara,common lantana
1358,3.082637766,101.706852,Lantana camara,common lantana
1359,3.16563274,101.6107029,Lantana camara,common lantana
1360,2.940532703,101.7235526,Lantana camara,common lantana
1361,3.047083863,101.7533363,Lantana camara,common lantana
1362,3.170037972,101.694488,Lantana camara,common lantana
1363,1.559357105,103.6385749,Lantana camara,common lantana
1364,3.068453834,101.6856333,Lantana camara,common lantana
1365,1.569866667,103.6444167,Lantana camara,common lantana
1366,2.728072375,101.9227963,Lantana camara,common lantana
1367,2.921428511,101.6559349,Lantana camara,common lantana
1368,3.24037923,101.403807,Lantana camara,common lantana
1369,3.076187749,101.5528896,Lantana camara,common lantana
1370,2.380784327,103.0202337,Lantana camara,common lantana
1371,3.711867359,101.7365557,Lantana camara,common lantana
1372,3.278888889,101.4736111,Lantana camara,common lantana
1373,3.039116144,101.6464386,Lantana camara,common lantana
1374,3.1071444,101.5285154,Lantana camara,common lantana
1375,3.286388889,101.4691667,Lantana camara,common lantana
1376,2.921318,101.655935,Lantana camara,common lantana
1377,2.921318,101.655935,Lantana camara,common lantana
1378,3.219107863,101.4986604,Lantana camara,common lantana
1379,3.000661136,101.5460653,Lantana camara,common lantana
1380,2.7518909,102.245444,Lantana camara,common lantana
1381,2.701547222,101.8922,Lantana camara,common lantana
1382,3.05122025,101.5594864,Lantana camara,common lantana
1383,2.947783333,101.666345,Lantana camara,common lantana
1384,3.759315472,103.1994618,Lantana camara,common lantana
1385,5.424355507,100.2696304,Lantana camara,common lantana
1386,3.099352,101.601267,Lantana camara,common lantana
1387,5.407716929,100.2821004,Lantana camara,common lantana
1388,2.930802778,101.7872028,Lantana camara,common lantana
1389,4.537621667,103.4694583,Lantana camara,common lantana
1390,1.542083333,110.3489617,Lantana camara,common lantana
1391,2.467994266,102.8544264,Lantana camara,common lantana
1392,5.353651047,100.4494934,Lantana camara,common lantana
1393,1.8377566,102.9529083,Lantana camara,common lantana
1394,5.967579082,116.0890915,Lantana camara,common lantana
1395,5.957182115,116.0731358,Lantana camara,common lantana
1396,4.297157172,100.580298,Lantana camara,common lantana
1397,2.727069444,101.8979028,Lantana camara,common lantana
1398,6.54005,100.2297967,Lantana camara,common lantana
1399,2.717063889,101.9092694,Lantana camara,common lantana
1400,5.4662877,100.2895178,Lantana camara,common lantana
1401,3.181316667,101.6499639,Lantana camara,common lantana
1402,5.278755,100.2420117,Lantana camara,common lantana
1403,2.731466667,101.8847139,Lantana camara,common lantana
1404,2.742977778,101.9214333,Lantana camara,common lantana
1405,3.425528028,101.7952881,Lantana camara,common lantana
1406,3.421233861,101.7952576,Lantana camara,common lantana
1407,3.421297056,101.7952347,Lantana camara,common lantana
1408,2.715061111,101.9111444,Lantana camara,common lantana
1409,3.047156266,101.7533665,Lantana camara,common lantana
1410,4.606275181,101.0834601,Lantana camara,common lantana
1411,4.606303247,101.0835043,Lantana camara,common lantana
1412,4.418638333,101.412055,Lantana camara,common lantana
1413,2.710366667,101.89645,Lantana camara,common lantana
1414,1.469151283,103.7278237,Lantana camara,common lantana
1415,3.196453333,101.61232,Lantana camara,common lantana
1416,1.469138972,103.727811,Lantana camara,common lantana
1417,1.470487194,103.7276595,Lantana camara,common lantana
1418,2.979535972,101.654372,Lantana camara,common lantana
1419,3.143863833,101.6846083,Lantana camara,common lantana
1420,2.84021755,101.4187724,Lantana camara,common lantana
1421,3.169677454,101.7909941,Lantana camara,common lantana
1422,2.751909863,102.2454509,Lantana camara,common lantana
1423,3.020779238,101.635339,Lantana camara,common lantana
1424,1.559091879,103.6323243,Lantana camara,common lantana
1425,3.124894857,101.6677399,Lantana camara,common lantana
1426,1.485368,103.761815,Lantana camara,common lantana
1427,4.385222595,102.4004746,Lantana camara,common lantana
1428,3.349793196,101.2525558,Lantana camara,common lantana
1429,4.385693776,102.401993,Lantana camara,common lantana
1430,3.170738601,101.7705581,Lantana camara,common lantana
1431,3.165883333,101.777075,Lantana camara,common lantana
1432,3.425645339,101.7898894,Lantana camara,common lantana
1433,3.391522222,101.765775,Lantana camara,common lantana
1434,3.175386111,101.603425,Lantana camara,common lantana
1435,5.356450056,100.2888031,Lantana camara,common lantana
1436,2.9862795,101.7668819,Lantana camara,common lantana
1437,3.071091667,101.7307283,Lantana camara,common lantana
1438,5.425437927,100.2679901,Lantana camara,common lantana
1439,1.45532066,103.6908001,Lantana camara,common lantana
1440,1.455240798,103.6908928,Lantana camara,common lantana
1441,1.456465623,103.6396664,Lantana camara,common lantana
1442,2.770811111,101.8212889,Lantana camara,common lantana
1443,3.713845,101.7496533,Lantana camara,common lantana
1444,3.071073163,101.7307755,Lantana camara,common lantana
1445,1.587493333,104.2530333,Lantana camara,common lantana
1446,3.215670497,101.8817548,Lantana camara,common lantana
1447,5.950033333,116.6193867,Lantana camara,common lantana
1448,5.030319419,102.9212297,Lantana camara,common lantana
1449,2.2539242,103.5955123,Lantana camara,common lantana
1450,6.036197482,116.1268619,Lantana camara,common lantana
1451,4.4072806,101.3880373,Lantana camara,common lantana
1452,3.326886111,101.5794083,Lantana camara,common lantana
1453,5.979821667,116.679895,Lantana camara,common lantana
1454,4.511895556,101.4101997,Lantana camara,common lantana
1455,4.511961389,101.4101744,Lantana camara,common lantana
1456,5.854286667,118.1234667,Lantana camara,common lantana
1457,2.739844444,101.8693889,Lantana camara,common lantana
1458,3.026847222,101.7060667,Lantana camara,common lantana
1459,5.339936667,100.2972333,Lantana camara,common lantana
1460,2.716605556,101.9088944,Lantana camara,common lantana
1461,3.326730556,101.5793861,Lantana camara,common lantana
1462,6.0184153,116.5984535,Lantana camara,common lantana
1463,5.425519031,100.2680342,Lantana camara,common lantana
1464,5.819488333,116.3429767,Lantana camara,common lantana
1465,1.557328333,103.6277,Lantana camara,common lantana
1466,3.084300497,101.7014958,Lantana camara,common lantana
1467,5.424775716,100.2685371,Lantana camara,common lantana
1468,3.084954508,101.6731025,Lantana camara,common lantana
1469,3.118716667,101.6413417,Lantana camara,common lantana
1470,3.11048516,101.6679348,Lantana camara,common lantana
1471,1.559571667,103.6258617,Lantana camara,common lantana
1472,1.559643333,103.625715,Lantana camara,common lantana
1473,1.559515495,103.6252149,Lantana camara,common lantana
1474,3.843741667,103.328225,Lantana camara,common lantana
1475,1.559628333,103.625725,Lantana camara,common lantana
1476,3.11370916,101.6644559,Lantana camara,common lantana
1477,5.583563846,101.4583185,Lantana camara,common lantana
1478,2.961240324,101.6756394,Lantana camara,common lantana
1479,3.335281428,101.238095,Lantana camara,common lantana
1480,2.931616667,101.6701694,Lantana camara,common lantana
1481,2.930961111,101.6702139,Lantana camara,common lantana
1482,2.877404,101.8068548,Lantana camara,common lantana
1483,2.878902778,101.791175,Lantana camara,common lantana
1484,2.92656292,101.7019063,Lantana camara,common lantana
1485,2.941201062,101.7234018,Lantana camara,common lantana
1486,2.92423707,101.7005691,Lantana camara,common lantana
1487,2.90137466,101.6699987,Lantana camara,common lantana
1488,2.888286111,101.6779306,Lantana camara,common lantana
1489,2.698055556,101.9583278,Lantana camara,common lantana
1490,4.845160721,100.8886329,Lantana camara,common lantana
1491,4.845233333,100.8888167,Lantana camara,common lantana
1492,2.949191667,101.7576306,Lantana camara,common lantana
1493,4.470438276,101.3745087,Lantana camara,common lantana
1494,5.539171667,100.3715583,Lantana camara,common lantana
1495,2.809094517,104.1448111,Lantana camara,common lantana
1496,2.723147222,101.8949917,Lantana camara,common lantana
1497,5.361811667,100.3067783,Lantana camara,common lantana
1498,3.148216667,101.5084472,Lantana camara,common lantana
1499,5.582836111,101.4546139,Lantana camara,common lantana
1500,3.711770659,101.7273189,Lantana camara,common lantana
1501,2.710725,101.8933639,Lantana camara,common lantana
1502,5.473461667,100.247995,Lantana camara,common lantana
1503,3.7191,101.7462694,Lantana camara,common lantana
1504,5.354686667,100.3042617,Lantana camara,common lantana
1505,3.001413888,101.3641133,Lantana camara,common lantana
1506,3.1689874,101.6024463,Lantana camara,common lantana
1507,3.172471667,101.6027467,Lantana camara,common lantana
1508,2.971396158,101.6920153,Lantana camara,common lantana
1509,2.950841251,101.6924193,Lantana camara,common lantana
1510,2.901380876,101.6700405,Lantana camara,common lantana
1511,2.739225,101.8704583,Lantana camara,common lantana
1512,2.726283333,101.8850722,Lantana camara,common lantana
1513,3.172967,101.49623,Lantana camara,common lantana
1514,2.957943538,101.7087514,Lantana camara,common lantana
1515,2.958561667,101.672155,Lantana camara,common lantana
1516,2.96585735,101.6945865,Lantana camara,common lantana
1517,2.9662259,101.694554,Lantana camara,common lantana
1518,4.6005126,101.0757837,Lantana camara,common lantana
1519,2.4184919,101.8738791,Lantana camara,common lantana
1520,5.473475,100.24797,Lantana camara,common lantana
1521,2.943609646,101.7284102,Lantana camara,common lantana
1522,2.937886667,101.69403,Lantana camara,common lantana
1523,2.727780556,101.8849778,Lantana camara,common lantana
1524,5.843188333,118.1228862,Lantana camara,common lantana
1525,2.730694444,101.9888639,Lantana camara,common lantana
1526,4.586905556,101.074175,Lantana camara,common lantana
1527,4.355280376,100.9564529,Lantana camara,common lantana
1528,1.477488305,110.367611,Lantana camara,common lantana
1529,3.235391063,101.6919949,Lantana camara,common lantana
1530,1.4505483,103.694855,Lantana camara,common lantana
1531,1.399564305,110.3214415,Lantana camara,common lantana
1532,2.722530556,101.898875,Lantana camara,common lantana
1533,5.555378769,101.3449971,Lantana camara,common lantana
1534,5.426095335,101.2768307,Lantana camara,common lantana
1535,5.42523758,100.2700517,Lantana camara,common lantana
1536,5.584125,101.4567633,Lantana camara,common lantana
1537,1.55266485,103.6129667,Lantana camara,common lantana
1538,3.75801611,102.5663452,Lantana camara,common lantana
1539,2.722142321,101.7892993,Lantana camara,common lantana
1540,3.71754471,101.7525209,Lantana camara,common lantana
1541,2.989168011,101.7125228,Lantana camara,common lantana
1542,4.694041755,103.4004816,Lantana camara,common lantana
1543,2.895865173,102.604672,Lantana camara,common lantana
1544,2.894437708,102.402743,Lantana camara,common lantana
1545,2.343961,102.043907,Lantana camara,common lantana
1546,3.837906872,103.1624993,Lantana camara,common lantana
1547,3.20261422,102.3831547,Lantana camara,common lantana
1548,5.395316667,103.0360083,Lantana camara,common lantana
1549,5.424071667,100.2696967,Lantana camara,common lantana
1550,3.592981715,102.5361615,Lantana camara,common lantana
1551,5.707874631,100.6655998,Lantana camara,common lantana
1552,2.823145924,101.8096449,Lantana camara,common lantana
1553,4.714064161,103.3999189,Lantana camara,common lantana
1554,3.596539367,102.5346396,Lantana camara,common lantana
1555,3.814389602,102.4684788,Lantana camara,common lantana
1556,4.71431744,103.3999166,Lantana camara,common lantana
1557,2.651169745,102.4881402,Lantana camara,common lantana
1558,4.963021667,103.0479195,Lantana camara,common lantana
1559,2.384369964,103.7141384,Lantana camara,common lantana
1560,3.944585632,101.3519692,Lantana camara,common lantana
1561,1.468388889,104.1825417,Lantana camara,common lantana
1562,5.704903855,100.6666015,Lantana camara,common lantana
1563,2.645557859,102.4907751,Lantana camara,common lantana
1564,5.703849101,100.6684317,Lantana camara,common lantana
1565,3.240516667,102.2415417,Lantana camara,common lantana
1566,3.247888889,102.2431667,Lantana camara,common lantana
1567,3.495166667,102.0330833,Lantana camara,common lantana
1568,5.403246667,103.09967,Lantana camara,common lantana
1569,4.217955556,101.7968139,Lantana camara,common lantana
1570,4.217952778,101.7968083,Lantana camara,common lantana
1571,3.150358333,101.616005,Lantana camara,common lantana
1572,5.447626819,100.215124,Lantana camara,common lantana
1573,3.711868,101.7365558,Lantana camara,common lantana
1574,5.718977921,100.6569201,Lantana camara,common lantana
1575,5.701563333,100.662675,Lantana camara,common lantana
1576,5.701563333,100.662675,Lantana camara,common lantana
1577,1.762286774,104.0810951,Lantana camara,common lantana
1578,3.7161875,102.5378471,Lantana camara,common lantana
1579,3.2438,102.2434472,Lantana camara,common lantana
1580,2.599433333,102.8972028,Lantana camara,common lantana
1581,3.339041667,102.6096028,Lantana camara,common lantana
1582,3.501786111,102.0323972,Lantana camara,common lantana
1583,3.6647278,102.9859625,Lantana camara,common lantana
1584,4.22871,101.801264,Lantana camara,common lantana
1585,3.095092773,101.501564,Lantana camara,common lantana
1586,3.419913,101.8417473,Lantana camara,common lantana
1587,3.4200296,101.8419008,Lantana camara,common lantana
1588,3.177515804,101.7056318,Lantana camara,common lantana
1589,3.2055731,101.6874385,Lantana camara,common lantana
1590,3.088519383,101.7177603,Lantana camara,common lantana
1591,3.2095311,101.691352,Lantana camara,common lantana
1593,3.184759556,101.7423951,Lantana camara,common lantana
1594,2.914775,101.6397467,Lantana camara,common lantana
1595,3.1472286,101.6843327,Lantana camara,common lantana